loan_id,customer_name,branch_code,loan_type,disbursement_date,principal_amount,interest_rate,tenure_months,emi_amount,emi_paid_count,status,overdue_days
HFL202400001,Customer_1,HYD06,TOP_UP,2024-10-16,823256.02,12.21,120,11911.49,94,OPEN,0
HFL202400002,Customer_2,MUM01,TOP_UP,2024-03-08,449378.59,8.97,120,5685.24,91,OPEN,0
HFL202400003,Customer_3,PUN02,LAP,2024-03-05,1336070.92,11.45,60,29350.16,21,CLOSED,0
HFL202500004,Customer_4,DEL03,HOME_LOAN,2025-02-20,1881994.36,8.96,60,39030.58,51,OPEN,0
HFL202400005,Customer_5,HYD06,LAP,2024-07-03,886682.97,13.11,60,20224.73,55,CLOSED,0
HFL202400006,Customer_6,PUN02,LAP,2024-12-22,626909.2,11.81,180,7447.5,97,WRITTEN_OFF,0
HFL202500007,Customer_7,HYD06,HOME_LOAN,2025-05-04,2014711.24,10.35,120,27016.57,82,CLOSED,0
HFL202300008,Customer_8,HYD06,TOP_UP,2023-06-25,2810457.42,9.72,240,26602.22,56,OPEN,0
HFL202500009,Customer_9,DEL03,TOP_UP,2025-02-25,3947199.58,9.65,60,83188.18,58,OVERDUE,103
HFL202300010,Customer_10,PUN02,TOP_UP,2023-11-19,1299344.76,11.0,240,13411.69,143,OPEN,0
HFL202400011,Customer_11,PUN02,HOME_LOAN,2024-08-21,2313638.99,11.42,180,26910.14,23,OPEN,0
HFL202300012,Customer_12,BLR04,TOP_UP,2023-06-06,3248996.4,12.46,240,36821.59,119,CLOSED,0
HFL202400013,Customer_13,CHN05,TOP_UP,2024-07-20,4345664.6,8.56,60,89283.68,49,CLOSED,0
HFL202300014,Customer_14,PUN02,TOP_UP,2023-10-28,2343396.68,10.77,180,26297.51,27,WRITTEN_OFF,0
HFL202400015,Customer_15,CHN05,HOME_LOAN,2024-10-16,2686015.55,9.49,180,28031.83,135,CLOSED,0
HFL202400016,Customer_16,PUN02,HOME_LOAN,2024-05-15,391540.69,13.15,180,4992.65,20,OPEN,0
HFL202500017,Customer_17,BLR04,LAP,2025-04-15,625298.84,12.3,120,9080.0,21,OPEN,0
HFL202400018,Customer_18,BLR04,LAP,2024-09-13,2288748.32,9.56,120,29691.08,83,CLOSED,0
HFL202400019,Customer_19,CHN05,HOME_LOAN,2024-06-13,,9.74,60,51150.72,37,OPEN,0
HFL202400020,Customer_20,CHN05,LAP,2024-12-25,3266183.9,9.64,60,68819.62,42,OVERDUE,19
HFL202300021,Customer_21,BLR04,HOME_LOAN,2023-05-16,3699757.06,12.91,240,43108.46,48,OPEN,0
HFL202400022,Customer_22,HYD06,TOP_UP,2024-03-17,1965198.56,10.56,60,42298.22,25,CLOSED,0
HFL202500023,Customer_23,PUN02,HOME_LOAN,2025-06-01,813564.45,9.46,240,7562.25,63,OPEN,0
HFL202500024,Customer_24,PUN02,LAP,2025-06-01,4323044.39,8.99,60,89718.31,31,WRITTEN_OFF,0
HFL202400025,Customer_25,DEL03,LAP,2024-02-15,4541481.47,9.32,60,94980.57,50,WRITTEN_OFF,0
HFL202400026,Customer_26,DEL03,TOP_UP,2024-12-14,4799392.91,13.48,240,57877.6,14,OPEN,0
HFL202300027,Customer_27,CHN05,HOME_LOAN,2023-03-04,3815485.13,8.79,240,33815.29,130,OPEN,0
HFL202300028,Customer_28,CHN05,HOME_LOAN,2023-03-12,3096665.0,11.88,120,44213.6,76,OPEN,0
HFL202400029,Customer_29,HYD06,LAP,2024-03-05,3389653.87,11.33,180,39232.01,61,OVERDUE,53
HFL202400030,Customer_30,CHN05,HOME_LOAN,2024-11-18,3333853.71,10.79,60,72137.4,6,OPEN,0
HFL202400031,Customer_31,DEL03,TOP_UP,2024-06-02,1546441.95,13.17,60,35321.03,53,OVERDUE,95
HFL202400032,Customer_32,CHN05,HOME_LOAN,2024-09-18,4924110.56,12.54,60,110882.54,42,CLOSED,0
HFL202300033,Customer_33,CHN05,HOME_LOAN,2023-05-18,1542989.83,12.95,120,22993.01,43,OPEN,0
HFL202500034,Customer_34,BLR04,HOME_LOAN,2025-05-23,1540724.34,10.94,60,33453.0,2,OPEN,0
HFL202300035,Customer_35,BLR04,HOME_LOAN,2023-05-14,3294432.87,9.81,240,31378.39,28,CLOSED,0
HFL202400036,Customer_36,PUN02,LAP,2024-12-08,4548464.29,11.23,180,52356.52,10,CLOSED,0
HFL202500037,Customer_37,PUN02,TOP_UP,2025-03-26,4869322.45,8.7,180,48522.71,90,OPEN,0
HFL202400038,Customer_38,blr04,LAP,2024-02-21,4877034.01,12.25,120,70677.91,94,OVERDUE,46
HFL202400039,Customer_39,HYD06,HOME_LOAN,2024-02-26,4070505.15,12.82,120,60345.62,111,OPEN,0
HFL202300040,Customer_40,PUN02,HOME_LOAN,2023-08-16,1237992.3,13.09,180,15736.99,168,OPEN,0
HFL202300041,Customer_41,CHN05,LAP,2023-10-13,4362458.83,13.33,180,56146.29,137,OPEN,0
HFL202300042,Customer_42,CHN05,LAP,2023-04-29,4422080.53,9.81,180,47007.22,80,OPEN,0
HFL202400043,Customer_43,HYD06,TOP_UP,2024-06-07,843535.18,13.0,120,12594.89,66,OPEN,0
HFL202500044,Customer_44,HYD06,LAP,2025-01-29,3764077.16,9.49,240,35061.56,159,OPEN,0
HFL202300045,Customer_45,DEL03,TOP_UP,2023-05-08,3682845.04,10.0,180,39576.04,75,CLOSED,0
HFL202400046,Customer_46,DEL03,HOME_LOAN,2024-03-06,3425168.34,10.4,120,46025.93,106,CLOSED,0
HFL202300047,Customer_47,BLR04,LAP,2023-08-04,2320474.3,11.4,180,26960.2,130,OPEN,0
HFL202500048,Customer_48,HYD06,HOME_LOAN,2025-03-26,3759018.8,11.79,180,44607.93,23,OPEN,0
HFL202300049,Customer_49,BLR04,HOME_LOAN,2023-08-19,4090845.6,9.24,60,85396.52,49,OPEN,0
HFL202400050,Customer_50,PUN02,HOME_LOAN,2024-10-06,3005653.23,12.09,240,33283.61,176,OPEN,0
HFL202500051,Customer_51,HYD06,TOP_UP,2025-05-31,3919217.09,9.03,240,35337.87,12,OPEN,0
HFL202500052,Customer_52,CHN05,LAP,2025-05-18,870385.42,9.17,240,7926.5,193,CLOSED,0
HFL202500053,Customer_53,BLR04,TOP_UP,2025-01-06,4492495.39,10.63,240,45245.16,63,OVERDUE,122
HFL202500054,Customer_54,HYD06,LAP,2025-03-07,2750109.12,11.63,180,32354.14,69,OPEN,0
HFL202400055,Customer_55,HYD06,LAP,2024-07-07,678714.99,9.25,240,6216.13,106,CLOSED,0
HFL202400056,Customer_56,CHN05,TOP_UP,2024-04-22,2254138.9,9.53,240,21055.71,5,OPEN,0
HFL202300057,Customer_57,CHN05,TOP_UP,2023-01-07,4730885.79,9.99,240,45622.73,139,OVERDUE,108
HFL202400058,Customer_58,HYD06,TOP_UP,2024-05-14,1331281.68,10.68,60,28733.29,25,OPEN,0
HFL202400059,Customer_59,CHN05,TOP_UP,2024-04-23,4621845.62,13.4,60,106110.0,5,OVERDUE,152
HFL202500060,Customer_60,BLR04,LAP,2025-06-06,2469982.69,8.75,240,21827.5,194,OPEN,0
HFL202500061,Customer_61,CHN05,HOME_LOAN,2025-05-01,2281354.69,12.67,240,26193.3,89,OPEN,0
HFL202500062,Customer_62,MUM01,HOME_LOAN,2025-03-10,4799242.33,8.7,60,98927.06,15,OVERDUE,52
HFL202300063,Customer_63,PUN02,HOME_LOAN,2023-04-28,2950657.04,9.59,180,30971.93,29,CLOSED,0
HFL202300064,Customer_64,HYD06,TOP_UP,2023-04-21,3019818.24,13.14,240,35681.07,151,OPEN,0
HFL202300065,Customer_65,CHN05,TOP_UP,2023-09-06,778936.14,12.36,60,17469.04,22,CLOSED,0
HFL202400066,Customer_66,MUM01,TOP_UP,2024-01-15,624096.66,11.74,60,13800.83,23,OVERDUE,126
HFL202400067,Customer_67,CHN05,LAP,2024-04-15,3624350.63,10.68,180,40468.92,119,CLOSED,0
HFL202400068,Customer_68,BLR04,TOP_UP,2024-08-29,1561459.03,12.76,60,35336.45,29,OPEN,0
HFL202400069,Customer_69,PUN02,LAP,2024-01-24,1881064.11,10.97,180,21344.69,66,OPEN,0
HFL202400070,Customer_70,PUN02,LAP,2024-09-02,3595563.63,9.88,60,76182.97,46,OPEN,0
HFL202500071,Customer_71,MUM01,LAP,2025-02-15,1429522.5,10.88,240,14638.8,56,OPEN,0
HFL202300072,Customer_72,HYD06,TOP_UP,2023-11-10,3420612.1,10.35,180,37493.94,90,OPEN,0
HFL202300073,Customer_73,HYD06,TOP_UP,2023-11-10,1481597.28,9.1,120,18848.53,97,OPEN,0
HFL202300074,Customer_74,PUN02,HOME_LOAN,2023-08-10,3771441.87,9.88,180,40251.69,92,WRITTEN_OFF,0
HFL202400075,Customer_75,HYD06,LAP,2024-12-26,2810434.92,9.87,60,59533.82,40,CLOSED,0
HFL202300076,Customer_76,MUM01,LAP,2023-01-13,2998101.83,10.85,240,30640.59,220,OPEN,0
HFL202300077,Customer_77,CHN05,HOME_LOAN,2023-03-08,2183324.98,8.87,60,45184.61,5,OPEN,0
HFL202500078,Customer_78,BLR04,LAP,2025-02-21,2256017.9,11.48,120,31692.78,56,CLOSED,0
HFL202400079,Customer_79,HYD06,HOME_LOAN,2024-03-15,1735287.15,11.61,60,38259.39,42,OVERDUE,54
HFL202300080,Customer_80,CHN05,HOME_LOAN,2023-06-27,2894363.55,9.28,240,26564.82,8,OPEN,0
HFL202300081,Customer_81,CHN05,HOME_LOAN,2023-10-17,3604041.52,10.77,120,49177.62,119,OVERDUE,161
HFL202400082,Customer_82,MUM01,TOP_UP,2024-07-11,1356604.42,9.24,180,13953.94,78,OVERDUE,19
HFL202400083,Customer_83,HYD06,TOP_UP,2024-08-05,4629604.89,10.7,240,46844.67,69,CLOSED,0
HFL202400084,Customer_84,CHN05,HOME_LOAN,2024-03-24,678076.7,8.7,240,5970.62,23,CLOSED,0
HFL202500085,Customer_85,HYD06,HOME_LOAN,2025-05-06,4344429.3,11.44,60,95414.52,36,WRITTEN_OFF,0
HFL202300086,Customer_86,CHN05,HOME_LOAN,2023-06-29,2511353.87,11.76,180,29753.79,125,OPEN,0
HFL202400087,Customer_87,HYD06,LAP,2024-02-23,1866549.45,11.85,120,26617.96,84,OPEN,0
HFL202400088,Customer_88,BLR04,TOP_UP,2024-07-17,472476.51,8.94,180,4775.32,0,OPEN,0
HFL202400089,Customer_89,BLR04,HOME_LOAN,2024-04-18,2242263.58,9.44,180,23333.16,13,CLOSED,0
HFL202300090,Customer_90,HYD06,TOP_UP,2023-05-15,4660061.98,10.69,240,47121.38,61,OPEN,0
HFL202400091,Customer_91,MUM01,TOP_UP,2024-07-18,364269.98,10.54,120,4923.44,15,WRITTEN_OFF,0
HFL202400092,Customer_92,BLR04,LAP,2024-05-25,4683469.38,9.96,180,50214.25,62,OPEN,0
HFL202400093,Customer_93,BLR04,TOP_UP,2024-01-28,1195868.74,11.5,120,16813.37,100,OVERDUE,71
HFL202300094,Customer_94,CHN05,TOP_UP,2023-01-03,1629343.22,9.99,240,15712.72,85,OVERDUE,115
HFL202400095,Customer_95,PUN02,LAP,2024-01-22,2440119.7,10.11,120,32395.18,29,WRITTEN_OFF,0
HFL202500096,Customer_96,HYD06,HOME_LOAN,2025-02-01,2522988.38,13.07,240,29684.62,166,OPEN,0
HFL202300097,Customer_97,MUM01,HOME_LOAN,2023-02-07,893357.47,13.33,180,11497.81,116,OVERDUE,113
HFL202400098,Customer_98,DEL03,LAP,2024-02-24,4393384.97,13.35,60,100751.93,44,OPEN,0
HFL202500099,Customer_99,HYD06,LAP,2025-05-22,1844258.27,11.87,240,20139.97,194,WRITTEN_OFF,0
HFL202300100,Customer_100,HYD06,TOP_UP,2023-02-06,3202059.47,9.67,180,33765.94,25,WRITTEN_OFF,0
HFL202300101,Customer_101,MUM01,LAP,2023-04-13,2385289.19,11.97,60,53023.29,23,OPEN,0
HFL202400102,Customer_102,MUM01,TOP_UP,2024-06-27,2236643.22,11.91,120,31973.07,48,OPEN,0
HFL202400103,Customer_103,BLR04,LAP,2024-05-24,4590296.38,9.22,240,41951.79,2,CLOSED,0
HFL202400104,Customer_104,DEL03,TOP_UP,2024-11-24,2869011.25,8.87,180,28877.97,108,WRITTEN_OFF,0
HFL202500105,Customer_105,BLR04,LAP,2025-05-15,1719971.85,13.5,240,20766.5,147,OPEN,0
HFL202300106,Customer_106,CHN05,TOP_UP,2023-10-30,403116.11,12.65,240,4622.66,199,OPEN,0
HFL202400107,Customer_107,PUN02,HOME_LOAN,2024-09-12,3802309.12,12.66,180,47260.92,90,CLOSED,0
HFL202400108,Customer_108,HYD06,LAP,2024-09-27,1477945.96,12.28,120,21444.14,39,CLOSED,0
HFL202400109,Customer_109,BLR04,TOP_UP,2024-01-09,3742090.91,8.95,180,37843.55,33,OPEN,0
HFL202400110,Customer_110,BLR04,TOP_UP,2024-01-10,2795006.16,13.07,120,41847.92,37,OPEN,0
HFL202500111,Customer_111,PUN02,TOP_UP,2025-04-03,841297.63,13.31,120,12715.77,92,CLOSED,0
HFL202500112,Customer_112,CHN05,TOP_UP,2025-05-16,4081561.93,10.33,240,40284.47,94,OPEN,0
HFL202300113,Customer_113,PUN02,TOP_UP,2023-09-26,3047432.43,12.61,180,37778.7,158,OPEN,0
HFL202400114,Customer_114,HYD06,HOME_LOAN,2024-09-16,1340425.84,8.82,240,11905.42,35,OVERDUE,78
HFL202300115,Customer_115,BLR04,TOP_UP,2023-11-08,4980858.66,9.08,120,63311.26,85,OVERDUE,35
HFL202400116,Customer_116,MUM01,LAP,2024-07-07,2269895.74,12.21,120,32842.56,78,OVERDUE,168
HFL202300117,Customer_117,PUN02,TOP_UP,2023-10-14,453766.55,10.35,240,4484.69,25,OPEN,0
HFL202400118,Customer_118,BLR04,TOP_UP,2024-10-22,1985767.05,10.49,120,26783.83,27,WRITTEN_OFF,0
HFL202300119,Customer_119,PUN02,TOP_UP,2023-01-22,537719.0,10.17,120,7156.71,97,CLOSED,0
HFL202300120,Customer_120,chn05,HOME_LOAN,2023-08-10,4121349.01,9.66,120,53690.95,109,CLOSED,0
HFL202400121,Customer_121,DEL03,TOP_UP,2024-07-07,1478074.72,9.37,60,30948.5,15,OPEN,0
HFL202300122,Customer_122,HYD06,LAP,2023-06-28,1547227.29,9.13,240,14050.43,114,OPEN,0
HFL202300123,Customer_123,HYD06,TOP_UP,2023-04-22,2424425.47,9.61,60,51047.87,29,CLOSED,0
HFL202300124,Customer_124,BLR04,HOME_LOAN,2023-03-04,4993357.75,12.74,240,57578.56,113,CLOSED,0
HFL202300125,Customer_125,CHN05,LAP,2023-11-26,3158997.89,8.83,180,31721.98,83,CLOSED,0
HFL202400126,Customer_126,HYD06,TOP_UP,2024-06-27,1686019.41,11.03,240,17437.33,167,OPEN,0
HFL202400127,Customer_127,DEL03,LAP,2024-07-18,3687947.61,9.58,240,34569.4,102,OVERDUE,106
HFL202300128,Customer_128,HYD06,HOME_LOAN,2023-11-17,2305790.83,11.83,180,27421.68,17,WRITTEN_OFF,0
HFL202300129,Customer_129,MUM01,TOP_UP,31-02-2023,2329819.64,12.22,180,28292.35,143,OVERDUE,143
HFL202300130,Customer_130,DEL03,HOME_LOAN,2023-05-06,2230800.57,12.87,240,25929.19,90,OVERDUE,14
HFL202300131,Customer_131,CHN05,LAP,2023-08-06,1027231.83,10.91,60,22288.43,48,OPEN,0
HFL202500132,Customer_132,HYD06,HOME_LOAN,2025-04-06,2316828.33,11.3,60,50720.78,17,CLOSED,0
HFL202400133,Customer_133,PUN02,HOME_LOAN,2024-12-20,3883324.73,13.11,180,49414.87,102,OPEN,0
HFL202400134,Customer_134,BLR04,LAP,2024-10-10,4867508.5,8.96,120,61554.22,47,OPEN,0
HFL202500135,Customer_135,CHN05,LAP,2025-03-06,4724614.89,11.48,60,103859.17,5,OPEN,0
HFL202400136,Customer_136,CHN05,HOME_LOAN,2024-03-10,2582610.01,10.71,180,28885.29,110,OPEN,0
HFL202400137,Customer_137,BLR04,HOME_LOAN,2024-11-25,3087730.98,11.13,180,35347.53,14,OPEN,0
HFL202300138,Customer_138,MUM01,HOME_LOAN,2023-08-05,3906542.78,12.32,180,47692.32,110,OPEN,0
HFL202400139,Customer_139,HYD06,LAP,2024-06-29,3607254.94,11.0,180,40999.95,4,OPEN,0
HFL202500140,Customer_140,BLR04,HOME_LOAN,2025-06-01,1771384.96,10.65,240,17863.99,103,CLOSED,0
HFL202300141,Customer_141,MUM01,LAP,2023-06-25,4066214.13,11.59,180,47734.01,150,OPEN,0
HFL202400142,Customer_142,PUN02,HOME_LOAN,2024-02-10,4391464.76,12.23,120,63590.03,81,OPEN,0
HFL202300143,Customer_143,PUN02,TOP_UP,2023-07-18,4557836.84,10.25,120,60864.9,22,OPEN,0
HFL202500144,Customer_144,CHN05,TOP_UP,2025-02-16,3380892.35,9.39,240,31271.9,114,OPEN,0
HFL202400145,Customer_145,DEL03,LAP,2024-08-01,3322061.6,13.43,180,42976.41,17,OVERDUE,161
HFL202300146,Customer_146,DEL03,HOME_LOAN,2023-11-07,4042749.49,11.46,180,47124.23,9,OPEN,0
HFL202300147,Customer_147,CHN05,TOP_UP,2023-10-21,660635.71,12.82,60,14970.69,37,CLOSED,0
HFL202500148,Customer_148,BLR04,LAP,2025-01-26,4510620.8,10.75,120,61497.21,7,OPEN,0
HFL202500149,Customer_149,HYD06,TOP_UP,2025-05-07,1914157.55,12.07,120,27540.11,56,OPEN,0
HFL202300150,Customer_150,DEL03,TOP_UP,2023-06-12,2010320.41,13.09,240,23681.44,13,OPEN,0
HFL202300151,Customer_151,HYD06,TOP_UP,2023-03-09,1849546.55,11.29,240,19457.17,232,OPEN,0
HFL202300152,Customer_152,HYD06,HOME_LOAN,2023-12-08,683059.34,11.82,180,8118.93,100,OPEN,0
HFL202300153,Customer_153,HYD06,TOP_UP,2023-03-28,1755034.87,10.38,180,19269.78,175,OVERDUE,172
HFL202400154,Customer_154,PUN02,HOME_LOAN,2024-11-17,2290009.92,10.31,180,25044.67,124,OPEN,0
HFL202300155,Customer_155,CHN05,TOP_UP,2023-05-21,1028242.31,9.98,60,21836.99,56,OPEN,0
HFL202300156,Customer_156,PUN02,TOP_UP,2023-12-11,4419046.03,11.59,240,47400.35,197,OPEN,0
HFL202300157,Customer_157,PUN02,LAP,2023-06-19,3689560.09,8.72,180,36809.92,156,CLOSED,0
HFL202500158,Customer_158,BLR04,LAP,2025-03-13,2409961.43,11.17,180,27649.36,49,WRITTEN_OFF,0
HFL202400159,Customer_159,CHN05,HOME_LOAN,2024-08-07,4926867.03,10.81,180,55412.21,41,CLOSED,0
HFL202300160,Customer_160,MUM01,HOME_LOAN,2023-05-22,4403109.02,8.76,240,38938.85,132,OVERDUE,142
HFL202500161,Customer_161,PUN02,LAP,2025-02-20,1053467.97,10.75,120,14362.84,113,OVERDUE,24
HFL202400162,Customer_162,MUM01,LAP,2024-02-29,550307.37,11.01,120,7583.6,3,OPEN,0
HFL202500163,Customer_163,DEL03,TOP_UP,2025-05-09,3659110.08,10.18,120,48720.87,60,OPEN,0
HFL202500164,Customer_164,DEL03,TOP_UP,31-02-2023,3616020.02,10.74,60,78152.98,9,OVERDUE,5
HFL202400165,Customer_165,MUM01,TOP_UP,2024-09-15,2780526.08,9.06,180,28301.28,107,OPEN,0
HFL202400166,Customer_166,MUM01,HOME_LOAN,2024-04-13,595193.61,12.68,240,6837.91,147,CLOSED,0
HFL202300167,Customer_167,PUN02,TOP_UP,2023-10-26,2317422.8,11.57,120,32674.78,10,CLOSED,0
HFL202300168,Customer_168,BLR04,LAP,2023-03-11,4780997.29,11.22,60,104475.79,24,OPEN,0
HFL202300169,Customer_169,HYD06,TOP_UP,2023-01-17,1978341.22,8.84,120,24889.8,74,CLOSED,0
HFL202300170,Customer_170,BLR04,TOP_UP,2023-05-17,508377.73,11.23,120,7069.25,61,OVERDUE,176
HFL202300171,Customer_171,PUN02,HOME_LOAN,2023-05-19,596572.52,12.38,240,6727.5,51,OPEN,0
HFL202300172,Customer_172,HYD06,HOME_LOAN,2023-11-14,2722302.87,13.45,240,32770.51,91,OPEN,0
HFL202300173,Customer_173,BLR04,LAP,2023-12-06,1584118.05,12.5,240,17997.81,47,OVERDUE,113
HFL202400174,Customer_174,MUM01,HOME_LOAN,2024-01-12,4644259.19,11.1,60,101209.22,52,CLOSED,0
HFL202300175,Customer_175,CHN05,TOP_UP,2023-11-25,782210.17,10.14,180,8472.79,42,OPEN,0
HFL202400176,Customer_176,BLR04,HOME_LOAN,2024-04-02,499069.27,12.85,180,6265.26,14,CLOSED,0
HFL202400177,Customer_177,PUN02,LAP,2024-02-20,2007562.31,12.51,120,29397.65,86,WRITTEN_OFF,0
HFL202300178,Customer_178,CHN05,TOP_UP,2023-03-10,1409178.29,11.73,180,16668.5,39,OPEN,0
HFL202400179,Customer_179,BLR04,HOME_LOAN,2024-01-15,2048462.88,12.32,120,29769.67,35,OPEN,0
HFL202300180,Customer_180,DEL03,LAP,2023-01-27,3757671.84,11.0,240,38786.25,180,OVERDUE,31
HFL202400181,Customer_181,PUN02,HOME_LOAN,2024-09-18,1642211.33,13.08,240,19333.42,115,OPEN,0
HFL202400182,Customer_182,HYD06,LAP,2024-03-31,4987133.3,12.55,180,61629.89,138,CLOSED,0
HFL202500183,Customer_183,CHN05,HOME_LOAN,2025-05-21,1040274.67,12.05,120,14955.0,25,CLOSED,0
HFL202400184,Customer_184,CHN05,HOME_LOAN,2024-05-20,423534.93,11.27,180,4885.94,22,OPEN,0
HFL202500185,Customer_185,PUN02,HOME_LOAN,2025-01-04,3678687.4,11.13,240,38296.98,164,OVERDUE,19
HFL202400186,Customer_186,PUN02,HOME_LOAN,2024-11-27,2731592.06,9.14,120,34809.96,116,CLOSED,0
HFL202400187,Customer_187,DEL03,LAP,2024-06-14,1019172.69,9.32,180,10532.04,132,OVERDUE,58
HFL202300188,Customer_188,DEL03,TOP_UP,2023-09-14,1222619.02,13.28,180,15695.03,23,OPEN,0
HFL202400189,Customer_189,MUM01,HOME_LOAN,2024-08-29,4725552.84,9.27,180,48691.67,7,OVERDUE,145
HFL202400190,Customer_190,BLR04,LAP,2024-10-18,3923805.13,9.82,120,51463.06,3,CLOSED,0
HFL202400191,Customer_191,HYD06,HOME_LOAN,2024-07-12,1661456.79,13.28,240,19797.58,116,OPEN,0
HFL202300192,Customer_192,PUN02,LAP,2023-06-11,2366145.85,10.92,120,32486.6,91,OPEN,0
HFL202500193,Customer_193,MUM01,HOME_LOAN,2025-05-31,1923241.64,10.49,180,21247.57,119,OPEN,0
HFL202300194,Customer_194,PUN02,HOME_LOAN,2023-09-11,962124.88,8.75,240,8502.4,230,OVERDUE,108
HFL202400195,Customer_195,CHN05,LAP,2024-08-14,3689303.62,9.45,120,47637.75,112,OPEN,0
HFL202300196,Customer_196,DEL03,LAP,2023-04-03,4742594.18,11.03,120,65409.8,36,OPEN,0
HFL202500197,Customer_197,PUN02,LAP,2025-05-13,3375022.17,10.85,60,73128.94,46,OVERDUE,111
HFL202400198,Customer_198,DEL03,LAP,2024-01-10,512639.25,8.76,120,6427.5,64,OPEN,0
HFL202300199,Customer_199,MUM01,LAP,2023-10-14,4178963.19,11.62,60,92158.25,50,OPEN,0
HFL202400200,Customer_200,MUM01,LAP,2024-01-10,3848336.31,9.5,240,35871.54,182,OPEN,0
HFL202400201,Customer_201,CHN05,TOP_UP,2024-06-15,2447846.23,11.53,120,34457.63,50,OPEN,0
HFL202300202,Customer_202,DEL03,LAP,2023-11-03,3090505.88,11.04,240,31984.02,4,CLOSED,0
HFL202300203,Customer_203,DEL03,TOP_UP,2023-04-23,4905520.75,11.42,60,107688.28,50,CLOSED,0
HFL202500204,Customer_204,HYD06,TOP_UP,2025-01-08,541369.28,10.9,240,5551.15,146,OPEN,0
HFL202300205,Customer_205,BLR04,LAP,2023-01-20,2372881.26,10.59,240,23834.0,156,CLOSED,0
HFL202500206,Customer_206,HYD06,LAP,2025-01-23,3718789.87,12.03,120,53418.34,48,CLOSED,0
HFL202400207,Customer_207,HYD06,LAP,2024-04-15,4586983.56,10.21,180,49882.93,177,CLOSED,0
HFL202300208,Customer_208,DEL03,HOME_LOAN,2023-07-16,4799485.76,9.9,180,51282.3,180,OPEN,0
HFL202400209,Customer_209,CHN05,LAP,2024-05-15,1790091.5,10.24,180,19500.1,97,OPEN,0
HFL202500210,Customer_210,MUM01,TOP_UP,2025-03-02,4081694.42,9.95,180,43737.33,113,WRITTEN_OFF,0
HFL202400211,Customer_211,DEL03,TOP_UP,2024-05-05,1305738.0,12.64,180,16212.66,157,OVERDUE,179
HFL202300212,Customer_212,MUM01,TOP_UP,2023-09-06,538597.52,13.03,120,8051.37,42,CLOSED,0
HFL202400213,Customer_213,BLR04,LAP,2024-11-28,3922600.47,8.53,120,48697.59,25,OPEN,0
HFL202400214,Customer_214,HYD06,HOME_LOAN,2024-10-23,578064.16,12.34,120,8407.56,4,OPEN,0
HFL202500215,Customer_215,PUN02,LAP,2025-05-07,1126206.93,13.1,240,13274.68,223,CLOSED,0
HFL202300216,Customer_216,HYD06,HOME_LOAN,2023-01-10,1702443.39,11.51,180,19898.59,126,OPEN,0
HFL202400217,Customer_217,BLR04,HOME_LOAN,2024-04-24,1582334.28,12.54,180,19543.83,47,OPEN,0
HFL202500218,Customer_218,HYD06,LAP,2025-03-20,1686614.01,11.87,120,24071.43,105,OPEN,0
HFL202300219,Customer_219,pun02,HOME_LOAN,2023-03-30,2183916.26,8.98,120,27641.3,49,OPEN,0
HFL202300220,Customer_220,DEL03,TOP_UP,2023-10-01,4783963.67,10.01,60,101668.63,3,OPEN,0
HFL202300221,Customer_221,HYD06,LAP,2023-11-11,1050669.08,11.93,180,12562.52,75,CLOSED,0
HFL202300222,Customer_222,CHN05,TOP_UP,2023-08-13,4799594.52,10.89,240,49182.06,179,CLOSED,0
HFL202500223,Customer_223,HYD06,HOME_LOAN,2025-02-14,2826333.13,11.82,120,40256.12,111,CLOSED,0
HFL202400224,Customer_224,CHN05,TOP_UP,2024-06-24,3607700.79,8.89,60,74697.48,12,OPEN,0
HFL202300225,Customer_225,HYD06,TOP_UP,2023-06-18,1842152.9,11.1,60,40144.8,5,CLOSED,0
HFL202300226,Customer_226,CHN05,LAP,2023-02-26,2431131.81,11.07,240,25209.78,206,CLOSED,0
HFL202400227,Customer_227,MUM01,HOME_LOAN,2024-02-10,1495948.93,8.52,120,18563.63,89,CLOSED,0
HFL202300228,Customer_228,BLR04,TOP_UP,2023-03-03,4692539.15,8.85,240,41768.37,34,OPEN,0
HFL202400229,Customer_229,BLR04,TOP_UP,2024-10-23,4829778.06,10.37,240,47798.51,174,OPEN,0
HFL202300230,Customer_230,BLR04,HOME_LOAN,2023-05-17,3371610.26,10.24,120,45005.37,93,WRITTEN_OFF,0
HFL202500231,Customer_231,PUN02,HOME_LOAN,2025-02-13,406856.04,9.99,240,3923.55,88,OPEN,0
HFL202500232,Customer_232,MUM01,HOME_LOAN,2025-06-15,3707612.55,9.06,240,33501.56,17,CLOSED,0
HFL202400233,Customer_233,MUM01,TOP_UP,2024-04-02,3109589.01,12.02,60,69202.52,14,OPEN,0
HFL202500234,Customer_234,HYD06,TOP_UP,2025-06-03,3947499.02,9.2,180,40509.18,147,OPEN,0
HFL202500235,Customer_235,CHN05,LAP,2025-04-18,1807126.04,10.01,120,23891.31,38,WRITTEN_OFF,0
HFL202400236,Customer_236,MUM01,TOP_UP,2024-08-28,4434655.29,13.06,240,52145.01,164,CLOSED,0
HFL202400237,Customer_237,PUN02,HOME_LOAN,2024-06-21,1798051.95,10.58,120,24342.63,60,OPEN,0
HFL202300238,Customer_238,BLR04,TOP_UP,2023-11-04,4330443.82,9.22,240,39576.94,142,OVERDUE,144
HFL202300239,Customer_239,MUM01,HOME_LOAN,2023-09-06,1498479.53,10.15,60,31948.97,53,OVERDUE,95
HFL202400240,Customer_240,CHN05,HOME_LOAN,2024-01-22,3466258.03,11.51,60,76249.45,35,OPEN,0
HFL202500241,Customer_241,PUN02,TOP_UP,2025-06-09,4563054.29,10.02,60,96996.33,7,OPEN,0
HFL202400242,Customer_242,PUN02,LAP,2024-05-05,4597874.09,11.98,120,65912.99,99,OPEN,0
HFL202400243,Customer_243,BLR04,LAP,2024-06-30,3348990.3,10.04,180,36070.42,120,OPEN,0
HFL202400244,Customer_244,MUM01,TOP_UP,2024-01-15,1770733.49,8.73,120,22172.98,119,CLOSED,0
HFL202400245,Customer_245,PUN02,TOP_UP,2024-03-03,1687403.75,9.48,120,21816.12,83,OPEN,0
HFL202500246,Customer_246,HYD06,HOME_LOAN,2025-02-20,4161482.12,13.33,240,49736.51,43,OPEN,0
HFL202400247,Customer_247,MUM01,HOME_LOAN,2024-05-15,1165024.53,12.95,60,26478.08,42,OPEN,0
HFL202400248,Customer_248,MUM01,LAP,2024-02-27,946210.19,11.65,60,20880.95,29,CLOSED,0
HFL202400249,Customer_249,mum01,LAP,2024-10-15,,11.58,240,36807.96,141,CLOSED,0
HFL202400250,Customer_250,HYD06,HOME_LOAN,2024-06-26,3694305.79,11.18,180,42407.87,45,OPEN,0
HFL202400251,Customer_251,BLR04,LAP,2024-06-20,999818.18,9.46,180,10416.23,103,OVERDUE,69
HFL202400252,Customer_252,HYD06,LAP,2024-12-14,1361529.09,11.92,60,30231.45,5,CLOSED,0
HFL202400253,Customer_253,BLR04,TOP_UP,2024-07-19,2537223.97,11.68,120,35933.99,42,OPEN,0
HFL202300254,Customer_254,HYD06,LAP,2023-04-08,4505518.7,13.1,120,67538.24,60,OPEN,0
HFL202300255,Customer_255,del03,TOP_UP,2023-03-18,3516815.09,9.9,60,74549.0,13,OPEN,0
HFL202500256,Customer_256,CHN05,LAP,2025-04-20,3649743.58,10.49,60,78429.15,53,OPEN,0
HFL202400257,Customer_257,HYD06,TOP_UP,2024-07-07,1859130.25,12.28,120,26974.91,64,CLOSED,0
HFL202300258,Customer_258,CHN05,LAP,2023-02-24,759123.2,9.66,60,16002.42,25,OPEN,0
HFL202300259,Customer_259,BLR04,TOP_UP,2023-10-07,3982676.25,10.75,120,54299.28,87,OPEN,0
HFL202300260,Customer_260,MUM01,TOP_UP,2023-03-29,3929186.8,9.98,120,51880.99,48,CLOSED,0
HFL202300261,Customer_261,DEL03,LAP,2023-06-07,3776379.86,10.08,60,80385.64,48,OPEN,0
HFL202300262,Customer_262,MUM01,TOP_UP,2023-03-31,1180741.38,10.74,240,11979.25,23,OPEN,0
HFL202300263,Customer_263,MUM01,HOME_LOAN,2023-11-29,4359475.43,8.56,240,37998.25,143,OPEN,0
HFL202300264,Customer_264,BLR04,LAP,2023-06-23,3520985.16,9.35,180,36448.97,42,OPEN,0
HFL202300265,Customer_265,BLR04,LAP,2023-11-03,2575887.18,8.88,180,25942.8,50,OVERDUE,161
HFL202300266,Customer_266,BLR04,TOP_UP,2023-11-08,331806.64,10.48,240,3308.23,208,OVERDUE,85
HFL202300267,Customer_267,PUN02,LAP,2023-05-20,1712045.84,11.52,120,24090.18,40,OPEN,0
HFL202400268,Customer_268,DEL03,LAP,2024-10-10,2607734.37,11.38,120,36484.76,50,OPEN,0
HFL202400269,Customer_269,chn05,LAP,2024-07-31,1239060.23,13.49,120,18860.32,93,CLOSED,0
HFL202300270,Customer_270,HYD06,LAP,2023-08-03,2360738.29,9.96,60,50112.26,40,OVERDUE,105
HFL202400271,Customer_271,CHN05,TOP_UP,2024-11-05,1024473.2,10.62,240,10310.85,102,OPEN,0
HFL202500272,Customer_272,CHN05,HOME_LOAN,2025-06-09,3551031.67,11.22,180,40852.83,21,CLOSED,0
HFL202400273,Customer_273,HYD06,LAP,2024-11-04,3424061.27,9.33,60,71627.53,25,CLOSED,0
HFL202400274,Customer_274,CHN05,TOP_UP,2024-03-16,797939.39,8.99,120,10103.64,88,OPEN,0
HFL202400275,Customer_275,MUM01,LAP,2024-01-19,2138330.59,12.36,120,31125.48,37,OPEN,0
HFL202300276,Customer_276,DEL03,TOP_UP,2023-03-29,845525.89,13.2,120,12724.55,26,OPEN,0
HFL202400277,Customer_277,DEL03,HOME_LOAN,2024-05-02,758828.25,12.11,240,8413.62,181,OPEN,0
HFL202300278,Customer_278,CHN05,LAP,2023-12-18,3345458.61,11.89,120,47785.12,20,OVERDUE,63
HFL202400279,Customer_279,HYD06,TOP_UP,2024-04-18,1389721.07,10.53,120,18775.55,3,OPEN,0
HFL202300280,Customer_280,PUN02,HOME_LOAN,2023-07-22,2413002.55,10.65,60,52044.32,45,CLOSED,0
HFL202500281,Customer_281,MUM01,TOP_UP,2025-03-29,4398302.85,9.43,180,45742.57,125,OPEN,0
HFL202300282,Customer_282,BLR04,TOP_UP,2023-11-17,3105762.9,11.56,60,68397.41,52,OPEN,0
HFL202300283,Customer_283,PUN02,LAP,2023-11-01,4617808.13,11.45,120,64792.25,23,OPEN,0
HFL202400284,Customer_284,BLR04,TOP_UP,2024-06-07,2125777.37,11.48,240,22640.63,177,OPEN,0
HFL202300285,Customer_285,BLR04,LAP,2023-06-27,2908089.11,10.95,120,39976.67,110,OPEN,0
HFL202400286,Customer_286,BLR04,LAP,2024-05-11,941713.16,12.58,240,10752.34,215,OPEN,0
HFL202300287,Customer_287,DEL03,HOME_LOAN,2023-03-26,2957369.66,12.48,120,43254.31,36,OPEN,0
HFL202400288,Customer_288,DEL03,LAP,2024-08-02,3789835.78,12.33,60,84936.16,52,CLOSED,0
HFL202500289,Customer_289,MUM01,HOME_LOAN,2025-02-13,495569.45,12.09,120,7135.79,83,WRITTEN_OFF,0
HFL202300290,Customer_290,MUM01,HOME_LOAN,2023-02-03,2413742.01,10.24,60,51570.39,15,OPEN,0
HFL202400291,Customer_291,PUN02,HOME_LOAN,2024-08-25,3538927.86,12.81,240,40983.14,208,OPEN,0
HFL202400292,Customer_292,HYD06,LAP,2024-08-06,1948832.75,9.91,120,25656.94,73,OPEN,0
HFL202400293,Customer_293,BLR04,TOP_UP,2024-06-10,4931795.02,11.9,60,109456.0,17,OPEN,0
HFL202500294,Customer_294,BLR04,TOP_UP,2025-06-05,923647.02,9.23,180,9495.04,147,OVERDUE,174
HFL202400295,Customer_295,HYD06,LAP,2024-02-29,2063309.94,8.88,60,42710.85,59,OPEN,0
HFL202400296,Customer_296,BLR04,LAP,2024-05-14,1838259.62,8.51,60,37723.57,44,CLOSED,0
HFL202500297,Customer_297,DEL03,LAP,2025-03-25,2811794.98,9.59,240,26375.09,72,OVERDUE,127
HFL202300298,Customer_298,MUM01,HOME_LOAN,2023-05-14,2960867.92,10.93,180,33523.1,117,OVERDUE,13
HFL202500299,Customer_299,HYD06,TOP_UP,2025-05-28,1042522.52,10.78,240,10605.15,225,OPEN,0
HFL202500300,Customer_300,DEL03,HOME_LOAN,2025-06-14,4683810.14,9.87,180,49960.61,166,OPEN,0
HFL202400301,Customer_301,MUM01,HOME_LOAN,2024-10-02,1735893.45,12.0,120,24905.03,0,OPEN,0
HFL202300302,Customer_302,HYD06,LAP,2023-05-16,3090293.64,11.1,240,32108.23,30,OPEN,0
HFL202400303,Customer_303,DEL03,LAP,2024-05-04,632893.04,10.42,60,13578.27,8,OPEN,0
HFL202500304,Customer_304,chn05,HOME_LOAN,2025-02-10,4410137.29,11.71,120,62535.53,83,OPEN,0
HFL202500305,Customer_305,BLR04,HOME_LOAN,2025-01-09,1301360.62,12.24,240,14547.44,22,CLOSED,0
HFL202300306,Customer_306,PUN02,HOME_LOAN,2023-05-07,3070997.41,10.42,240,30495.37,165,OPEN,0
HFL202400307,Customer_307,DEL03,TOP_UP,2024-09-07,3120036.98,11.54,60,68680.42,38,OVERDUE,169
HFL202400308,Customer_308,MUM01,TOP_UP,2024-02-06,1689047.64,8.77,120,21186.46,81,OPEN,0
HFL202300309,Customer_309,CHN05,TOP_UP,2023-01-13,4938347.9,13.17,120,74230.83,69,OPEN,0
HFL202400310,Customer_310,MUM01,HOME_LOAN,2024-04-27,4785929.02,12.35,60,107308.75,2,CLOSED,0
HFL202400311,Customer_311,BLR04,TOP_UP,2024-02-12,2681069.84,11.64,240,28850.79,137,OPEN,0
HFL202300312,Customer_312,PUN02,TOP_UP,2023-10-12,692906.25,8.9,120,8739.99,50,WRITTEN_OFF,0
HFL202500313,Customer_313,HYD06,HOME_LOAN,2025-05-04,3354245.81,11.72,180,39654.34,61,CLOSED,0
HFL202400314,Customer_314,HYD06,HOME_LOAN,2024-03-20,,11.56,60,18612.23,11,OPEN,0
HFL202300315,Customer_315,HYD06,HOME_LOAN,2023-05-21,3597048.17,9.32,180,37171.56,95,OPEN,0
HFL202500316,Customer_316,BLR04,LAP,2025-06-13,1563193.09,12.93,60,35511.46,4,OPEN,0
HFL202400317,Customer_317,CHN05,LAP,2024-08-13,3249404.31,10.98,180,36891.83,40,OPEN,0
HFL202400318,Customer_318,MUM01,LAP,2024-08-10,3468366.03,9.08,60,72132.31,30,OPEN,0
HFL202300319,Customer_319,HYD06,HOME_LOAN,2023-06-03,1141116.39,13.3,60,26139.49,26,CLOSED,0
HFL202400320,Customer_320,MUM01,HOME_LOAN,2024-03-02,4604517.39,10.1,60,98059.1,57,CLOSED,0
HFL202500321,Customer_321,BLR04,LAP,2025-04-03,2724138.41,8.73,240,24038.75,198,OPEN,0
HFL202400322,Customer_322,DEL03,LAP,2024-07-20,2446707.03,10.34,180,26803.69,62,CLOSED,0
HFL202400323,Customer_323,blr04,LAP,2024-05-20,4989599.45,12.38,120,72686.6,69,OPEN,0
HFL202400324,Customer_324,BLR04,LAP,2024-12-11,4422833.49,13.25,60,101199.98,46,CLOSED,0
HFL202400325,Customer_325,PUN02,HOME_LOAN,2024-06-26,4920643.99,10.6,60,106007.75,5,WRITTEN_OFF,0
HFL202500326,Customer_326,HYD06,TOP_UP,2025-05-15,2742868.33,12.0,180,32919.03,24,OPEN,0
HFL202500327,Customer_327,PUN02,LAP,2025-04-19,2153451.06,11.46,60,47316.77,16,OPEN,0
HFL202400328,Customer_328,PUN02,HOME_LOAN,2024-02-07,3593410.35,12.18,180,43543.97,51,OPEN,0
HFL202400329,Customer_329,BLR04,HOME_LOAN,2024-08-21,812172.32,9.03,240,7323.0,91,OPEN,0
HFL202400330,Customer_330,HYD06,HOME_LOAN,2024-04-19,1545537.26,9.1,120,19661.95,5,OVERDUE,78
HFL202300331,Customer_331,MUM01,HOME_LOAN,2023-12-02,997121.85,12.06,180,12005.66,66,OPEN,0
HFL202400332,Customer_332,MUM01,HOME_LOAN,2024-02-19,,11.28,120,60147.75,17,OPEN,0
HFL202500333,Customer_333,HYD06,HOME_LOAN,2025-04-30,3970511.97,9.61,120,51616.88,82,OVERDUE,96
HFL202300334,Customer_334,HYD06,HOME_LOAN,2023-09-23,4611914.33,8.87,60,95445.04,8,OPEN,0
HFL202500335,Customer_335,CHN05,LAP,2025-04-29,4101769.88,9.11,240,37195.37,185,OPEN,0
HFL202400336,Customer_336,DEL03,HOME_LOAN,2024-01-27,3511100.71,9.36,120,45164.09,19,OVERDUE,71
HFL202400337,Customer_337,MUM01,HOME_LOAN,2024-09-23,1455188.46,9.98,240,14023.61,98,OVERDUE,123
HFL202400338,Customer_338,HYD06,LAP,2024-10-20,4457866.83,11.13,60,97214.09,34,WRITTEN_OFF,0
HFL202400339,Customer_339,CHN05,LAP,2024-08-02,2661248.3,10.44,120,35820.2,114,OPEN,0
HFL202400340,Customer_340,MUM01,LAP,2024-04-28,2788331.77,12.33,120,40538.18,30,WRITTEN_OFF,0
HFL202500341,Customer_341,BLR04,HOME_LOAN,2025-03-21,4611119.57,8.78,120,57864.12,107,CLOSED,0
HFL202400342,Customer_342,HYD06,TOP_UP,2024-08-29,1794620.53,12.19,180,21758.32,145,OVERDUE,8
HFL202300343,Customer_343,PUN02,HOME_LOAN,2023-07-12,4232475.15,12.55,240,48236.13,23,OPEN,0
HFL202300344,Customer_344,PUN02,LAP,2023-08-13,393661.55,10.89,180,4447.19,45,OVERDUE,52
HFL202300345,Customer_345,MUM01,TOP_UP,2023-06-01,3057063.12,13.09,60,69698.51,60,OVERDUE,94
HFL202300346,Customer_346,BLR04,TOP_UP,2023-04-14,1881837.03,10.11,120,24983.38,62,CLOSED,0
HFL202400347,Customer_347,CHN05,LAP,2024-12-25,4853091.61,11.97,180,58151.62,96,OPEN,0
HFL202300348,Customer_348,MUM01,TOP_UP,2023-10-29,898537.31,12.14,240,9981.51,81,OVERDUE,146
HFL202400349,Customer_349,PUN02,HOME_LOAN,2024-08-02,789318.1,10.98,180,8961.45,81,CLOSED,0
HFL202300350,Customer_350,DEL03,HOME_LOAN,2023-04-01,4161810.49,11.85,180,49547.8,177,OPEN,0
HFL202500351,Customer_351,BLR04,LAP,2025-03-16,807762.63,8.51,240,7015.07,226,OPEN,0
HFL202400352,Customer_352,CHN05,HOME_LOAN,2024-01-23,1950786.5,10.38,240,19319.27,175,CLOSED,0
HFL202300353,Customer_353,MUM01,LAP,2023-03-17,4056214.46,8.67,60,83552.19,10,OPEN,0
HFL202300354,Customer_354,CHN05,HOME_LOAN,2023-03-18,2871117.42,12.99,60,65312.05,45,OPEN,0
HFL202400355,Customer_355,DEL03,LAP,2024-10-31,1075486.82,12.95,120,16026.47,24,OPEN,0
HFL202500356,Customer_356,MUM01,TOP_UP,2025-01-09,4650195.92,11.2,180,53439.46,146,OPEN,0
HFL202300357,Customer_357,HYD06,HOME_LOAN,2023-06-07,556172.8,8.52,60,11416.1,30,OPEN,0
HFL202300358,Customer_358,MUM01,LAP,2023-07-31,1102911.3,9.96,60,23411.9,25,OPEN,0
HFL202400359,Customer_359,BLR04,HOME_LOAN,2024-11-07,1545520.67,11.71,240,16706.09,114,OPEN,0
HFL202400360,Customer_360,HYD06,TOP_UP,2024-04-21,1537983.81,12.69,60,34750.28,5,OPEN,0
HFL202400361,Customer_361,BLR04,TOP_UP,2024-07-08,2245737.27,12.28,120,32584.35,53,CLOSED,0
HFL202400362,Customer_362,HYD06,TOP_UP,2024-05-01,2991757.17,9.68,180,31566.43,146,OPEN,0
HFL202400363,Customer_363,PUN02,HOME_LOAN,2024-11-24,4918947.39,9.24,240,45019.13,206,OPEN,0
HFL202400364,Customer_364,HYD06,LAP,2024-03-09,668332.05,11.92,120,9557.74,76,WRITTEN_OFF,0
HFL202500365,Customer_365,CHN05,TOP_UP,2025-01-14,4596617.5,8.84,240,40885.15,70,CLOSED,0
HFL202500366,Customer_366,PUN02,TOP_UP,2025-06-13,358109.85,12.0,240,3943.1,150,OPEN,0
HFL202300367,Customer_367,CHN05,LAP,2023-04-13,4647162.38,11.31,60,101760.5,56,CLOSED,0
HFL202400368,Customer_368,BLR04,TOP_UP,2024-11-01,2582248.52,11.54,60,56842.25,38,OPEN,0
HFL202300369,Customer_369,BLR04,LAP,2023-02-09,2160225.9,12.89,120,32114.49,114,OPEN,0
HFL202500370,Customer_370,MUM01,HOME_LOAN,2025-04-17,4030164.68,10.05,240,39025.56,58,OVERDUE,176
HFL202500371,Customer_371,CHN05,LAP,2025-01-31,2382619.88,12.63,180,29568.18,48,CLOSED,0
HFL202500372,Customer_372,PUN02,LAP,2025-04-23,2213700.7,10.92,180,25049.76,129,OVERDUE,132
HFL202500373,Customer_373,PUN02,HOME_LOAN,2025-05-21,2764145.22,11.34,120,38610.03,31,OPEN,0
HFL202400374,Customer_374,HYD06,HOME_LOAN,2024-01-05,3611779.54,9.87,240,34543.94,174,OPEN,0
HFL202400375,Customer_375,DEL03,LAP,2024-05-15,3092004.89,9.39,240,28599.8,214,CLOSED,0
HFL202400376,Customer_376,CHN05,HOME_LOAN,2024-12-06,724842.03,8.64,60,14920.2,13,OPEN,0
HFL202400377,Customer_377,MUM01,TOP_UP,2024-11-24,1271635.63,11.76,60,28132.85,8,OVERDUE,175
HFL202500378,Customer_378,HYD06,LAP,2025-03-31,339779.52,9.76,180,3601.56,108,CLOSED,0
HFL202400379,Customer_379,MUM01,LAP,2024-04-15,1484393.93,10.83,240,15150.38,169,CLOSED,0
HFL202400380,Customer_380,DEL03,LAP,2024-08-31,3162535.49,9.99,60,67178.97,40,OPEN,0
HFL202300381,Customer_381,CHN05,TOP_UP,2023-09-25,3383762.14,13.26,180,43393.3,14,OPEN,0
HFL202300382,Customer_382,DEL03,LAP,2023-11-24,3499552.03,12.11,240,38801.79,103,WRITTEN_OFF,0
HFL202400383,Customer_383,HYD06,TOP_UP,2024-08-20,3627924.11,11.36,120,50716.81,68,OPEN,0
HFL202400384,Customer_384,PUN02,HOME_LOAN,2024-11-18,1984936.52,10.0,120,26231.08,60,OVERDUE,143
HFL202500385,Customer_385,HYD06,HOME_LOAN,2025-01-12,4099216.18,12.31,120,59548.78,45,OVERDUE,86
HFL202300386,Customer_386,DEL03,LAP,2023-11-11,2276221.07,12.93,180,28694.95,30,OPEN,0
HFL202400387,Customer_387,PUN02,TOP_UP,2024-10-11,3042800.71,13.22,60,69576.23,55,OPEN,0
HFL202300388,Customer_388,PUN02,LAP,2023-11-02,2241604.09,12.85,120,33271.53,72,OPEN,0
HFL202500389,Customer_389,PUN02,HOME_LOAN,2025-06-02,3663641.74,12.39,240,41340.36,14,OPEN,0
HFL202300390,Customer_390,MUM01,TOP_UP,2023-08-03,3877608.42,9.34,120,49836.25,55,OPEN,0
HFL202400391,Customer_391,HYD06,LAP,2024-03-15,4837040.85,10.42,60,103775.28,0,OPEN,0
HFL202400392,Customer_392,DEL03,LAP,2024-06-27,1195710.54,11.88,120,17072.13,13,OPEN,0
HFL202300393,Customer_393,HYD06,LAP,2023-11-10,1084994.88,12.62,180,13457.65,134,OVERDUE,117
HFL202400394,Customer_394,PUN02,LAP,2024-12-04,,10.21,240,48740.48,232,OPEN,0
HFL202300395,Customer_395,PUN02,TOP_UP,2023-08-18,3717693.49,9.16,60,77462.21,45,CLOSED,0
HFL202400396,Customer_396,MUM01,HOME_LOAN,2024-01-20,4419757.45,9.78,60,93429.07,41,CLOSED,0
HFL202300397,Customer_397,PUN02,TOP_UP,2023-04-29,,10.4,180,24829.4,175,OPEN,0
HFL202400398,Customer_398,HYD06,TOP_UP,2024-03-06,3409823.51,11.81,180,40507.73,26,CLOSED,0
HFL202300399,Customer_399,PUN02,TOP_UP,2023-05-01,1628721.81,12.42,240,18412.79,212,OPEN,0
HFL202400400,Customer_400,PUN02,LAP,2024-01-02,3606152.73,9.98,60,76584.61,30,OPEN,0
HFL202300401,Customer_401,MUM01,TOP_UP,2023-01-14,3456675.72,13.03,240,40571.47,19,OPEN,0
HFL202300402,Customer_402,MUM01,HOME_LOAN,2023-09-20,3328382.92,10.78,180,37371.77,44,OPEN,0
HFL202400403,Customer_403,mum01,TOP_UP,2024-01-04,4067501.68,10.06,60,86542.52,8,OPEN,0
HFL202300404,Customer_404,DEL03,HOME_LOAN,2023-12-03,1980378.8,10.69,180,22124.93,46,OVERDUE,24
HFL202400405,Customer_405,HYD06,HOME_LOAN,2024-04-12,1577615.53,10.43,240,15676.49,42,CLOSED,0
HFL202500406,Customer_406,CHN05,TOP_UP,2025-01-13,575638.06,13.21,120,8666.34,72,OPEN,0
HFL202400407,Customer_407,BLR04,LAP,2024-09-17,2084828.66,10.29,60,44594.52,7,OVERDUE,34
HFL202300408,Customer_408,HYD06,TOP_UP,2023-03-06,1529580.48,10.07,120,20272.86,66,WRITTEN_OFF,0
HFL202400409,Customer_409,HYD06,HOME_LOAN,2024-09-25,747638.05,11.81,120,10644.48,49,OPEN,0
HFL202400410,Customer_410,PUN02,LAP,2024-07-25,4492690.84,11.56,60,98941.37,30,CLOSED,0
HFL202300411,Customer_411,MUM01,TOP_UP,2023-03-18,3831721.0,10.1,180,41410.6,140,WRITTEN_OFF,0
HFL202500412,Customer_412,BLR04,LAP,2025-04-16,1404500.0,10.8,240,14306.41,30,OPEN,0
HFL202300413,Customer_413,CHN05,TOP_UP,2023-01-19,782423.61,10.56,60,16840.6,56,OVERDUE,155
HFL202400414,Customer_414,BLR04,TOP_UP,2024-11-01,3455929.54,13.25,180,44295.91,158,OVERDUE,58
HFL202400415,Customer_415,pun02,TOP_UP,2024-11-03,2007484.37,10.76,60,43407.68,22,CLOSED,0
HFL202300416,Customer_416,PUN02,TOP_UP,2023-10-26,2874145.73,10.37,60,61591.67,52,OPEN,0
HFL202400417,Customer_417,BLR04,HOME_LOAN,2024-02-24,802719.08,11.55,120,11308.84,105,OPEN,0
HFL202300418,Customer_418,BLR04,TOP_UP,2023-04-21,3858601.91,8.73,60,79593.55,37,CLOSED,0
HFL202400419,Customer_419,CHN05,HOME_LOAN,2024-05-25,320386.85,12.18,240,3568.02,233,OVERDUE,124
HFL202300420,Customer_420,CHN05,LAP,2023-06-27,3733324.91,9.14,240,33926.57,129,CLOSED,0
HFL202400421,Customer_421,DEL03,HOME_LOAN,2024-09-15,4604778.14,12.31,180,56186.76,115,OPEN,0
HFL202400422,Customer_422,DEL03,TOP_UP,2024-09-08,3590067.14,12.24,180,43642.71,141,OVERDUE,141
HFL202300423,Customer_423,HYD06,TOP_UP,2023-08-03,3233587.67,9.95,180,34649.45,45,OVERDUE,34
HFL202400424,Customer_424,CHN05,TOP_UP,2024-10-14,1815192.57,9.08,180,18497.38,170,CLOSED,0
HFL202500425,Customer_425,mum01,HOME_LOAN,2025-02-04,4501170.21,11.17,240,46982.44,37,OVERDUE,134
HFL202300426,Customer_426,PUN02,LAP,2023-07-24,1554797.87,12.43,180,19092.46,176,CLOSED,0
HFL202400427,Customer_427,HYD06,HOME_LOAN,2024-07-08,451840.0,12.57,60,10181.56,55,CLOSED,0
HFL202400428,Customer_428,MUM01,LAP,2024-07-28,2127767.31,11.05,180,24250.99,99,CLOSED,0
HFL202400429,Customer_429,PUN02,LAP,2024-12-02,1769473.71,11.26,60,38702.48,49,CLOSED,0
HFL202400430,Customer_430,PUN02,TOP_UP,2024-10-10,3611756.62,11.74,120,51276.81,22,CLOSED,0
HFL202300431,Customer_431,CHN05,TOP_UP,2023-06-27,3754873.58,9.1,60,78127.36,10,OPEN,0
HFL202300432,Customer_432,DEL03,TOP_UP,2023-01-06,1853645.11,12.05,120,26648.03,99,OPEN,0
HFL202400433,Customer_433,HYD06,HOME_LOAN,2024-11-08,1715427.65,12.45,180,21087.24,56,OPEN,0
HFL202500434,Customer_434,PUN02,LAP,2025-03-16,2674159.65,10.58,240,26842.13,169,OPEN,0
HFL202300435,Customer_435,hyd06,LAP,2023-10-28,1326692.84,12.26,240,14849.22,171,WRITTEN_OFF,0
HFL202400436,Customer_436,DEL03,HOME_LOAN,2024-10-19,3184395.16,11.61,60,70209.13,50,CLOSED,0
HFL202400437,Customer_437,CHN05,LAP,2024-07-07,3702685.36,8.62,180,36722.73,11,OPEN,0
HFL202300438,Customer_438,CHN05,HOME_LOAN,2023-07-17,1805469.96,8.91,60,37399.77,40,OPEN,0
HFL202400439,Customer_439,CHN05,TOP_UP,2024-10-06,3935836.65,12.82,240,45607.54,224,OVERDUE,53
HFL202400440,Customer_440,HYD06,HOME_LOAN,2024-10-24,4138745.44,8.86,120,52114.81,11,OPEN,0
HFL202500441,Customer_441,BLR04,LAP,2025-03-24,1483967.6,8.85,120,18678.02,51,OVERDUE,105
HFL202400442,Customer_442,CHN05,HOME_LOAN,2024-02-03,3464504.04,11.17,60,75620.77,54,CLOSED,0
HFL202400443,Customer_443,DEL03,LAP,2024-05-29,798837.05,12.43,180,9809.48,112,CLOSED,0
HFL202400444,Customer_444,BLR04,TOP_UP,2024-11-07,444850.01,9.28,120,5702.8,108,OPEN,0
HFL202400445,Customer_445,MUM01,HOME_LOAN,2024-10-11,977155.03,11.89,180,11658.44,142,WRITTEN_OFF,0
HFL202300446,Customer_446,HYD06,LAP,2023-01-06,2991777.4,10.47,60,64260.51,46,OPEN,0
HFL202400447,Customer_447,DEL03,TOP_UP,2024-10-23,4301856.6,9.21,120,54984.21,23,OPEN,0
HFL202500448,Customer_448,MUM01,LAP,2025-05-22,555625.04,12.26,240,6218.92,17,CLOSED,0
HFL202500449,Customer_449,HYD06,TOP_UP,2025-01-13,3028799.57,13.26,180,38841.27,72,OPEN,0
HFL202300450,Customer_450,PUN02,LAP,2023-07-18,1793593.9,10.75,180,20105.25,93,CLOSED,0
HFL202300451,Customer_451,HYD06,LAP,2023-06-22,322709.85,9.73,120,4216.53,107,CLOSED,0
HFL202500452,Customer_452,DEL03,HOME_LOAN,2025-01-20,1858345.87,10.9,240,19055.32,27,OPEN,0
HFL202300453,Customer_453,DEL03,HOME_LOAN,2023-03-25,4256427.08,12.79,120,63026.9,80,OVERDUE,51
HFL202300454,Customer_454,PUN02,LAP,2023-01-20,4293060.18,11.66,240,46256.67,141,CLOSED,0
HFL202400455,Customer_455,CHN05,HOME_LOAN,2024-07-06,2518888.57,12.38,180,30849.42,74,OPEN,0
HFL202400456,Customer_456,CHN05,TOP_UP,2024-06-06,725603.91,10.32,60,15531.44,48,CLOSED,0
HFL202300457,Customer_457,BLR04,HOME_LOAN,2023-06-13,1141982.36,13.24,120,17213.06,5,CLOSED,0
HFL202300458,Customer_458,CHN05,LAP,2023-08-26,595447.46,10.35,60,12754.29,23,CLOSED,0
HFL202400459,Customer_459,CHN05,TOP_UP,2024-04-10,4443294.31,8.7,180,44277.34,70,OPEN,0
HFL202400460,Customer_460,HYD06,TOP_UP,2024-07-11,2979752.71,10.38,240,29509.45,19,OPEN,0
HFL202300461,Customer_461,BLR04,TOP_UP,2023-08-17,2726947.38,10.26,180,29739.19,1,OPEN,0
HFL202400462,Customer_462,PUN02,TOP_UP,2024-03-26,1078347.37,8.89,180,10866.87,154,OPEN,0
HFL202400463,Customer_463,BLR04,HOME_LOAN,2024-11-07,1382627.76,12.56,60,31148.48,37,OPEN,0
HFL202400464,Customer_464,CHN05,HOME_LOAN,2024-02-25,405496.38,8.72,120,5075.41,73,OPEN,0
HFL202300465,Customer_465,CHN05,TOP_UP,2023-09-22,4635500.29,11.08,240,48099.73,224,CLOSED,0
HFL202500466,Customer_466,BLR04,HOME_LOAN,2025-04-21,1632236.74,8.93,240,14612.26,43,CLOSED,0
HFL202400467,Customer_467,CHN05,TOP_UP,2024-09-07,970747.04,11.41,120,13598.33,92,CLOSED,0
HFL202400468,Customer_468,mum01,TOP_UP,2024-04-09,3103706.8,8.84,240,27606.28,133,OPEN,0
HFL202500469,Customer_469,MUM01,TOP_UP,2025-04-26,1002937.61,8.98,240,9010.79,136,OVERDUE,154
HFL202300470,Customer_470,HYD06,LAP,2023-04-06,2566532.4,9.15,60,53464.03,26,OVERDUE,174
HFL202400471,Customer_471,BLR04,TOP_UP,2024-12-15,2790137.64,9.65,240,26281.65,205,CLOSED,0
HFL202500472,Customer_472,PUN02,LAP,2025-05-07,3574525.73,8.99,120,45261.24,10,OPEN,0
HFL202400473,Customer_473,MUM01,TOP_UP,2024-07-10,2220639.51,9.45,60,46583.32,24,CLOSED,0
HFL202500474,Customer_474,CHN05,TOP_UP,2025-04-03,1784738.06,10.31,120,23892.88,109,OPEN,0
HFL202400475,Customer_475,BLR04,LAP,2024-01-10,3175839.18,13.46,240,38252.91,142,CLOSED,0
HFL202400476,Customer_476,HYD06,TOP_UP,2024-07-26,2908083.37,9.77,180,30842.5,35,CLOSED,0
HFL202300477,Customer_477,CHN05,TOP_UP,2023-08-24,2398995.92,12.0,120,34418.62,43,OPEN,0
HFL202400478,Customer_478,BLR04,HOME_LOAN,2024-12-01,3621912.69,9.3,60,75713.39,27,OVERDUE,38
HFL202300479,Customer_479,CHN05,TOP_UP,2023-08-16,2042925.09,11.55,240,21856.78,73,OVERDUE,103
HFL202300480,Customer_480,PUN02,TOP_UP,2023-02-28,4744864.53,12.6,240,54243.18,238,OPEN,0
HFL202300481,Customer_481,HYD06,TOP_UP,2023-02-04,,11.05,120,55000.84,30,CLOSED,0
HFL202300482,Customer_482,BLR04,TOP_UP,2023-06-11,,9.88,240,6777.7,51,OPEN,0
HFL202400483,Customer_483,CHN05,LAP,2024-12-21,622500.71,8.95,180,6295.31,89,CLOSED,0
HFL202300484,Customer_484,MUM01,TOP_UP,2023-10-11,1363588.91,13.32,240,16287.34,104,OVERDUE,148
HFL202300485,Customer_485,CHN05,LAP,2023-03-16,2664895.08,10.2,60,56883.75,36,OVERDUE,66
HFL202400486,Customer_486,BLR04,HOME_LOAN,2024-01-22,2946892.44,12.35,180,36033.92,150,WRITTEN_OFF,0
HFL202300487,Customer_487,PUN02,LAP,2023-09-22,617505.03,11.67,120,8742.0,52,CLOSED,0
HFL202300488,Customer_488,HYD06,HOME_LOAN,2023-01-10,3593847.2,9.82,180,38224.88,87,OPEN,0
HFL202300489,Customer_489,HYD06,LAP,2023-07-02,2539810.63,10.27,180,27713.98,48,OPEN,0
HFL202300490,Customer_490,PUN02,HOME_LOAN,2023-08-29,3756516.61,12.86,120,55779.06,45,OPEN,0
HFL202300491,Customer_491,CHN05,LAP,2023-05-03,4624884.21,11.88,240,50537.57,217,CLOSED,0
HFL202300492,Customer_492,CHN05,TOP_UP,2023-11-19,2613999.78,13.43,180,33816.45,56,OPEN,0
HFL202400493,Customer_493,BLR04,HOME_LOAN,2024-06-22,4056568.61,10.89,60,87977.26,49,OPEN,0
HFL202300494,Customer_494,PUN02,LAP,2023-05-04,3581749.47,10.8,60,77519.14,6,OPEN,0
HFL202500495,Customer_495,CHN05,LAP,2025-06-01,1520593.61,11.24,120,21153.29,23,OPEN,0
HFL202400496,Customer_496,PUN02,TOP_UP,2024-03-05,3593349.35,10.36,240,35537.99,147,OPEN,0
HFL202300497,Customer_497,PUN02,HOME_LOAN,2023-04-13,3687832.66,12.52,240,41950.97,189,OVERDUE,51
HFL202300498,Customer_498,DEL03,HOME_LOAN,2023-01-10,1130054.2,11.0,180,12844.16,145,CLOSED,0
HFL202400499,Customer_499,HYD06,LAP,2024-12-08,1067706.84,9.58,180,11200.86,85,OPEN,0
HFL202400500,Customer_500,MUM01,TOP_UP,2024-07-27,2920209.99,12.55,180,36087.31,173,OPEN,0
HFL202400501,Customer_501,HYD06,HOME_LOAN,2024-08-12,3354367.77,11.19,180,38526.8,114,OPEN,0
HFL202300502,Customer_502,DEL03,TOP_UP,2023-10-21,2479634.78,13.28,120,37434.25,78,CLOSED,0
HFL202300503,Customer_503,DEL03,TOP_UP,2023-03-15,671826.06,10.22,180,7310.17,154,OPEN,0
HFL202400504,Customer_504,PUN02,TOP_UP,2024-03-31,3970577.97,13.19,240,47056.8,32,OPEN,0
HFL202300505,Customer_505,BLR04,LAP,2023-09-15,4720055.49,12.0,60,104995.03,4,OPEN,0
HFL202300506,Customer_506,CHN05,LAP,2023-01-27,3923388.42,11.12,60,85538.95,41,OPEN,0
HFL202300507,Customer_507,pun02,LAP,2023-09-11,3766688.17,10.72,120,51290.93,84,OPEN,0
HFL202300508,Customer_508,PUN02,TOP_UP,2023-11-30,4361933.37,10.84,180,49140.24,178,OPEN,0
HFL202400509,Customer_509,HYD06,LAP,2024-09-03,2445754.08,12.24,240,27340.2,232,OPEN,0
HFL202300510,Customer_510,PUN02,TOP_UP,2023-08-21,4082126.5,10.71,180,45656.68,0,OPEN,0
HFL202500511,Customer_511,BLR04,LAP,2025-05-18,,9.93,60,19952.85,30,CLOSED,0
HFL202400512,Customer_512,PUN02,LAP,2024-03-16,4050434.45,11.49,60,89059.28,35,OPEN,0
HFL202300513,Customer_513,MUM01,TOP_UP,2023-06-17,3660208.52,11.73,240,39615.21,61,OPEN,0
HFL202400514,Customer_514,CHN05,HOME_LOAN,2024-09-19,4095602.22,11.92,180,48943.51,105,CLOSED,0
HFL202300515,Customer_515,DEL03,HOME_LOAN,2023-07-06,942132.95,9.05,240,8506.93,125,CLOSED,0
HFL202300516,Customer_516,DEL03,LAP,2023-06-05,533270.74,11.17,120,7397.22,91,WRITTEN_OFF,0
HFL202300517,Customer_517,DEL03,LAP,2023-08-27,723925.82,8.57,120,9002.77,63,OPEN,0
HFL202500518,Customer_518,BLR04,HOME_LOAN,2025-03-21,449164.47,8.9,120,5665.55,60,OPEN,0
HFL202500519,Customer_519,HYD06,LAP,2025-05-11,1475373.49,10.41,60,31645.79,49,OPEN,0
HFL202300520,Customer_520,PUN02,LAP,2023-02-04,1236145.42,12.18,60,27609.94,43,OPEN,0
HFL202300521,Customer_521,HYD06,HOME_LOAN,2023-06-12,3257071.99,8.71,60,67153.96,23,OPEN,0
HFL202300522,Customer_522,PUN02,HOME_LOAN,2023-08-12,4874388.08,9.68,240,46010.17,149,OPEN,0
HFL202300523,Customer_523,PUN02,HOME_LOAN,2023-09-06,341970.32,8.71,240,3013.31,22,CLOSED,0
HFL202300524,Customer_524,HYD06,HOME_LOAN,2023-04-04,3523939.83,10.19,60,75203.18,34,OPEN,0
HFL202300525,Customer_525,HYD06,LAP,2023-08-27,1788675.93,11.29,180,20656.94,176,OVERDUE,113
HFL202300526,Customer_526,CHN05,TOP_UP,2023-05-18,1478272.33,8.7,240,13016.53,48,CLOSED,0
HFL202300527,Customer_527,PUN02,LAP,2023-12-23,1821300.12,10.84,120,24923.74,104,OPEN,0
HFL202400528,Customer_528,MUM01,TOP_UP,2024-04-09,303383.2,11.69,240,3275.18,93,CLOSED,0
HFL202500529,Customer_529,HYD06,HOME_LOAN,2025-01-08,597706.26,13.34,240,7147.85,141,OPEN,0
HFL202300530,Customer_530,MUM01,HOME_LOAN,2023-11-27,2226081.28,10.11,60,47418.22,60,OPEN,0
HFL202300531,Customer_531,HYD06,LAP,2023-02-02,1249771.43,10.93,60,27129.45,42,OPEN,0
HFL202400532,Customer_532,mum01,HOME_LOAN,2024-12-19,3074414.29,8.75,120,38530.64,117,CLOSED,0
HFL202500533,Customer_533,HYD06,LAP,2025-05-02,675796.98,12.51,60,15207.48,26,OPEN,0
HFL202300534,Customer_534,DEL03,TOP_UP,2023-03-01,4171121.94,9.83,60,88275.52,13,CLOSED,0
HFL202500535,Customer_535,PUN02,TOP_UP,2025-01-12,1385784.62,10.43,120,18644.81,22,OPEN,0
HFL202400536,Customer_536,HYD06,HOME_LOAN,2024-03-01,3806709.37,12.33,180,46498.2,26,CLOSED,0
HFL202400537,Customer_537,CHN05,LAP,2024-07-17,2187318.72,10.19,120,29136.2,45,OPEN,0
HFL202300538,Customer_538,CHN05,HOME_LOAN,2023-11-29,4270813.87,10.56,240,42811.21,139,OVERDUE,83
HFL202400539,Customer_539,blr04,LAP,2024-07-17,4652890.54,9.77,240,44194.68,8,OPEN,0
HFL202400540,Customer_540,PUN02,HOME_LOAN,2024-06-14,934902.83,12.95,60,21247.99,20,OPEN,0
HFL202400541,Customer_541,BLR04,LAP,2024-12-07,4164986.05,13.1,120,62433.62,17,OPEN,0
HFL202400542,Customer_542,BLR04,TOP_UP,2024-08-19,1474327.46,9.78,180,15645.36,55,OPEN,0
HFL202300543,Customer_543,DEL03,TOP_UP,2023-11-29,4026649.71,9.36,60,84291.91,51,CLOSED,0
HFL202500544,Customer_544,BLR04,HOME_LOAN,2025-03-09,562836.73,12.35,180,6882.24,30,OVERDUE,112
HFL202500545,Customer_545,CHN05,TOP_UP,2025-05-19,3130817.68,8.56,240,27288.97,138,OPEN,0
HFL202400546,Customer_546,CHN05,HOME_LOAN,2024-05-29,3579512.67,9.27,240,32829.98,23,WRITTEN_OFF,0
HFL202500547,Customer_547,HYD06,LAP,2025-03-16,2153315.3,9.16,60,44866.68,25,OPEN,0
HFL202400548,Customer_548,PUN02,TOP_UP,2024-05-28,2342108.22,11.99,120,33588.91,83,OPEN,0
HFL202400549,Customer_549,BLR04,TOP_UP,2024-09-22,4986270.2,11.12,120,69025.02,118,OPEN,0
HFL202400550,Customer_550,CHN05,LAP,2024-11-18,2243835.65,10.33,120,30064.01,98,OPEN,0
HFL202300551,Customer_551,BLR04,HOME_LOAN,2023-12-25,3196238.67,13.45,240,38475.65,209,CLOSED,0
HFL202400552,Customer_552,MUM01,HOME_LOAN,2024-01-18,1033158.72,12.14,60,23055.2,39,OPEN,0
HFL202500553,Customer_553,blr04,TOP_UP,2025-04-19,1652119.92,10.22,60,35281.77,13,OPEN,0
HFL202300554,Customer_554,PUN02,HOME_LOAN,2023-07-28,2868193.81,12.25,240,32082.6,171,CLOSED,0
HFL202400555,Customer_555,HYD06,LAP,2024-11-10,2775955.73,9.78,60,58680.81,3,OPEN,0
HFL202300556,Customer_556,DEL03,LAP,2023-01-09,613009.62,11.8,180,7278.45,166,OVERDUE,5
HFL202400557,Customer_557,CHN05,HOME_LOAN,2024-01-25,2690139.56,12.05,180,32372.78,47,OPEN,0
HFL202400558,Customer_558,CHN05,LAP,31-02-2023,2935231.44,12.06,60,65381.63,31,OPEN,0
HFL202300559,Customer_559,CHN05,TOP_UP,2023-01-19,1929865.54,10.26,180,21046.47,15,OPEN,0
HFL202400560,Customer_560,PUN02,LAP,2024-02-01,4484889.8,12.57,60,101060.53,57,OVERDUE,72
HFL202300561,Customer_561,CHN05,TOP_UP,2023-03-31,3730481.42,11.1,120,51598.78,39,OPEN,0
HFL202400562,Customer_562,HYD06,HOME_LOAN,2024-07-09,919329.02,11.76,120,13062.47,67,OVERDUE,80
HFL202500563,Customer_563,CHN05,HOME_LOAN,2025-02-27,982216.26,13.17,120,14764.19,92,OPEN,0
HFL202500564,Customer_564,BLR04,TOP_UP,2025-05-09,4434299.17,12.14,180,53619.09,163,OVERDUE,106
HFL202500565,Customer_565,CHN05,TOP_UP,2025-03-08,1183287.93,9.16,60,24655.1,38,CLOSED,0
HFL202400566,Customer_566,BLR04,LAP,2024-09-02,1391257.91,11.94,180,16643.77,154,OPEN,0
HFL202400567,Customer_567,PUN02,HOME_LOAN,2024-01-18,1164689.45,10.44,240,11581.12,104,OPEN,0
HFL202400568,Customer_568,MUM01,TOP_UP,2024-02-27,1346004.8,11.86,120,19202.48,56,CLOSED,0
HFL202300569,Customer_569,MUM01,LAP,2023-11-29,4373842.05,12.94,240,51056.03,211,OPEN,0
HFL202400570,Customer_570,BLR04,HOME_LOAN,2024-02-08,3174072.91,12.21,60,70942.79,56,OPEN,0
HFL202300571,Customer_571,CHN05,HOME_LOAN,2023-09-09,2737902.47,10.48,60,58821.08,3,CLOSED,0
HFL202400572,Customer_572,BLR04,TOP_UP,2024-02-12,4456668.61,12.37,180,54552.94,13,OPEN,0
HFL202300573,Customer_573,MUM01,TOP_UP,2023-05-26,2478821.08,11.73,60,54802.39,37,CLOSED,0
HFL202400574,Customer_574,HYD06,LAP,2024-02-07,2243728.73,10.75,120,30590.7,112,OPEN,0
HFL202300575,Customer_575,MUM01,LAP,2023-11-28,3551071.91,13.04,120,53105.13,90,CLOSED,0
HFL202300576,Customer_576,BLR04,LAP,2023-03-29,2761941.34,10.42,120,37144.64,21,OPEN,0
HFL202400577,Customer_577,HYD06,LAP,2024-11-06,4354560.65,9.31,120,55894.95,39,OPEN,0
HFL202400578,Customer_578,MUM01,HOME_LOAN,2024-04-01,1657268.53,9.4,120,21354.02,32,WRITTEN_OFF,0
HFL202500579,Customer_579,CHN05,LAP,2025-05-25,2643618.53,12.54,240,30109.8,116,OPEN,0
HFL202400580,Customer_580,CHN05,HOME_LOAN,2024-09-07,3120479.89,9.72,180,33000.34,53,CLOSED,0
HFL202300581,Customer_581,CHN05,HOME_LOAN,2023-02-26,3370401.33,8.68,60,69441.71,58,CLOSED,0
HFL202400582,Customer_582,HYD06,TOP_UP,2024-03-02,4970555.35,9.31,180,51335.42,146,CLOSED,0
HFL202400583,Customer_583,DEL03,LAP,2024-04-11,3821873.6,10.3,60,81768.82,57,OPEN,0
HFL202500584,Customer_584,MUM01,LAP,2025-02-15,2308422.05,11.25,180,26600.98,70,OPEN,0
HFL202400585,Customer_585,HYD06,HOME_LOAN,2024-06-21,1286273.24,9.55,60,27045.57,33,OPEN,0
HFL202400586,Customer_586,DEL03,TOP_UP,2024-12-06,3142456.7,12.44,180,38608.85,147,OPEN,0
HFL202300587,Customer_587,PUN02,TOP_UP,2023-05-13,3187162.91,10.98,240,32854.16,59,OPEN,0
HFL202300588,Customer_588,PUN02,LAP,2023-07-18,307430.31,8.62,60,6325.2,26,CLOSED,0
HFL202300589,Customer_589,HYD06,HOME_LOAN,2023-12-25,2933952.87,11.69,60,64805.48,50,CLOSED,0
HFL202400590,Customer_590,DEL03,TOP_UP,2024-06-02,2884969.92,12.34,60,64671.34,36,CLOSED,0
HFL202500591,Customer_591,BLR04,HOME_LOAN,2025-05-02,1125456.71,10.15,180,12197.7,165,OVERDUE,123
HFL202400592,Customer_592,BLR04,TOP_UP,2024-10-04,2464904.3,12.83,180,30911.79,14,OPEN,0
HFL202500593,Customer_593,HYD06,LAP,2025-01-12,3487528.84,11.28,60,76315.23,58,OPEN,0
HFL202300594,Customer_594,PUN02,HOME_LOAN,2023-06-02,1618162.13,8.66,240,14207.08,99,CLOSED,0
HFL202500595,Customer_595,DEL03,HOME_LOAN,2025-06-04,3977016.5,10.04,180,42834.6,127,CLOSED,0
HFL202500596,Customer_596,DEL03,HOME_LOAN,2025-04-29,4768415.72,9.58,180,50023.42,51,OPEN,0
HFL202300597,Customer_597,BLR04,LAP,2023-01-26,4055418.81,13.02,120,60599.61,67,OPEN,0
HFL202300598,Customer_598,MUM01,TOP_UP,2023-05-27,3916562.57,8.99,120,49592.17,91,OPEN,0
HFL202300599,Customer_599,MUM01,TOP_UP,2023-11-15,4681985.52,11.94,60,104006.28,49,OPEN,0
HFL202300600,Customer_600,PUN02,LAP,2023-01-24,3014531.22,10.06,120,39937.48,68,OPEN,0
HFL202400601,Customer_601,CHN05,HOME_LOAN,2024-11-18,852958.94,9.25,180,8778.59,26,OPEN,0
HFL202400602,Customer_602,PUN02,LAP,2024-07-16,1796879.09,9.21,180,18450.3,156,CLOSED,0
HFL202300603,Customer_603,MUM01,HOME_LOAN,2023-02-21,911347.81,10.85,60,19746.8,25,OPEN,0
HFL202400604,Customer_604,DEL03,TOP_UP,2024-08-29,3258512.24,11.95,240,35765.51,50,CLOSED,0
HFL202500605,Customer_605,MUM01,TOP_UP,2025-04-08,2807379.17,13.37,240,33633.33,235,CLOSED,0
HFL202400606,Customer_606,PUN02,TOP_UP,2024-04-11,1758840.92,11.72,240,19024.12,229,OPEN,0
HFL202400607,Customer_607,DEL03,HOME_LOAN,2024-01-08,2142761.52,12.0,180,25716.74,7,CLOSED,0
HFL202300608,Customer_608,CHN05,HOME_LOAN,2023-12-26,2549664.8,12.73,180,31807.79,130,CLOSED,0
HFL202500609,Customer_609,CHN05,LAP,2025-01-01,4044761.53,10.13,60,86198.18,37,CLOSED,0
HFL202300610,Customer_610,PUN02,LAP,2023-09-07,2875360.38,13.37,240,34447.76,151,OPEN,0
HFL202400611,Customer_611,HYD06,TOP_UP,2024-03-21,2965892.61,10.21,120,39540.2,119,OPEN,0
HFL202400612,Customer_612,BLR04,HOME_LOAN,2024-05-13,837317.44,11.48,180,9770.81,103,CLOSED,0
HFL202400613,Customer_613,HYD06,HOME_LOAN,2024-12-02,4126113.58,12.36,240,46471.85,23,OPEN,0
HFL202400614,Customer_614,HYD06,LAP,2024-08-17,4545303.22,11.68,60,100374.29,34,CLOSED,0
HFL202400615,Customer_615,HYD06,TOP_UP,2024-08-14,2401650.91,9.53,180,25122.13,111,OPEN,0
HFL202300616,Customer_616,MUM01,HOME_LOAN,2023-12-19,,11.41,240,52527.86,140,OVERDUE,76
HFL202400617,Customer_617,BLR04,TOP_UP,2024-07-27,4157540.43,10.3,180,45443.26,100,OVERDUE,61
HFL202400618,Customer_618,BLR04,LAP,2024-01-27,2208353.48,10.68,120,30021.43,71,CLOSED,0
HFL202400619,Customer_619,MUM01,TOP_UP,2024-01-04,4247824.63,9.27,120,54432.31,18,OPEN,0
HFL202400620,Customer_620,BLR04,TOP_UP,2024-11-04,2352655.04,13.45,60,54073.65,57,OPEN,0
HFL202400621,Customer_621,BLR04,HOME_LOAN,2024-03-11,3229267.86,10.77,240,32828.15,57,CLOSED,0
HFL202300622,Customer_622,DEL03,TOP_UP,2023-01-08,3016310.95,12.73,120,44557.68,69,CLOSED,0
HFL202300623,Customer_623,HYD06,TOP_UP,2023-02-08,2970303.02,12.02,60,66102.77,46,CLOSED,0
HFL202500624,Customer_624,CHN05,HOME_LOAN,2025-05-29,4923241.37,12.39,240,55553.62,22,OPEN,0
HFL202500625,Customer_625,DEL03,LAP,2025-01-29,3419563.61,11.84,180,40689.17,2,CLOSED,0
HFL202400626,Customer_626,DEL03,TOP_UP,2024-04-25,2997636.92,10.16,180,32506.81,9,WRITTEN_OFF,0
HFL202500627,Customer_627,BLR04,HOME_LOAN,2025-02-06,1729132.96,12.43,180,21233.24,146,OPEN,0
HFL202300628,Customer_628,PUN02,LAP,2023-10-26,4101810.16,11.62,180,48230.31,71,OPEN,0
HFL202300629,Customer_629,CHN05,LAP,2023-10-15,1593520.44,9.78,60,33685.36,42,CLOSED,0
HFL202300630,Customer_630,CHN05,HOME_LOAN,2023-06-29,1527887.16,12.0,240,16823.35,87,OPEN,0
HFL202400631,Customer_631,BLR04,TOP_UP,2024-09-01,4689526.72,9.27,240,43010.63,60,CLOSED,0
HFL202400632,Customer_632,DEL03,HOME_LOAN,2024-10-14,1086231.33,11.39,180,12613.38,29,OPEN,0
HFL202400633,Customer_633,HYD06,HOME_LOAN,2024-02-13,2538290.13,10.88,120,34792.75,33,OPEN,0
HFL202400634,Customer_634,DEL03,HOME_LOAN,2024-03-21,355756.29,13.14,240,4203.49,174,OPEN,0
HFL202400635,Customer_635,HYD06,LAP,2024-06-28,3295893.51,13.28,240,39273.19,85,CLOSED,0
HFL202300636,Customer_636,HYD06,TOP_UP,2023-04-11,1500116.42,11.42,240,15915.08,172,CLOSED,0
HFL202400637,Customer_637,MUM01,HOME_LOAN,2024-06-16,,11.95,120,27001.43,106,OPEN,0
HFL202300638,Customer_638,DEL03,HOME_LOAN,2023-04-11,2768742.04,11.93,180,33104.97,8,OPEN,0
HFL202300639,Customer_639,HYD06,HOME_LOAN,2023-02-28,4710975.7,11.78,120,66991.04,15,WRITTEN_OFF,0
HFL202300640,Customer_640,PUN02,TOP_UP,2023-05-14,2067004.67,12.32,120,30039.14,59,OVERDUE,179
HFL202400641,Customer_641,HYD06,LAP,2024-10-16,2431185.7,13.48,240,29318.54,82,CLOSED,0
HFL202300642,Customer_642,MUM01,LAP,2023-03-17,1603251.16,8.81,240,14229.54,208,OPEN,0
HFL202300643,Customer_643,BLR04,LAP,2023-03-13,2611092.4,13.14,240,30851.71,138,OPEN,0
HFL202400644,Customer_644,MUM01,LAP,2024-10-20,,10.71,180,8940.62,64,OPEN,0
HFL202400645,Customer_645,DEL03,LAP,2024-05-24,999615.09,11.7,60,22084.64,21,CLOSED,0
HFL202400646,Customer_646,HYD06,HOME_LOAN,2024-06-11,3625746.56,12.35,240,40810.8,201,OPEN,0
HFL202300647,Customer_647,CHN05,LAP,2023-01-04,2106792.21,11.95,240,23124.2,91,OPEN,0
HFL202400648,Customer_648,DEL03,LAP,2024-02-15,559414.96,13.49,60,12869.17,29,OPEN,0
HFL202300649,Customer_649,BLR04,TOP_UP,2023-06-30,2906034.72,13.34,120,43974.94,80,OPEN,0
HFL202300650,Customer_650,pun02,HOME_LOAN,2023-03-28,4460506.53,10.69,120,60663.38,75,OPEN,0
HFL202300651,Customer_651,BLR04,HOME_LOAN,2023-03-06,4025874.11,11.72,240,43545.0,4,OPEN,0
HFL202300652,Customer_652,HYD06,TOP_UP,2023-12-12,4002559.1,8.71,60,82524.33,29,OPEN,0
HFL202400653,Customer_653,PUN02,LAP,2024-07-03,1000082.06,11.4,60,21944.24,1,OPEN,0
HFL202400654,Customer_654,HYD06,HOME_LOAN,2024-09-25,515267.96,12.01,120,7395.58,39,OPEN,0
HFL202300655,Customer_655,CHN05,HOME_LOAN,2023-06-24,4226155.14,8.82,60,87359.29,14,OPEN,0
HFL202400656,Customer_656,HYD06,LAP,2024-03-12,1885512.62,12.68,240,21661.79,35,OPEN,0
HFL202500657,Customer_657,MUM01,LAP,2025-03-23,1302189.64,8.73,120,16305.91,96,OPEN,0
HFL202400658,Customer_658,HYD06,HOME_LOAN,2024-01-14,,10.69,60,62627.56,49,OPEN,0
HFL202400659,Customer_659,CHN05,TOP_UP,2024-05-13,679396.26,8.54,60,13951.96,26,CLOSED,0
HFL202500660,Customer_660,CHN05,HOME_LOAN,2025-03-02,2537258.63,9.13,120,32319.7,30,CLOSED,0
HFL202300661,Customer_661,DEL03,TOP_UP,2023-02-08,3102478.26,12.09,60,69154.1,0,CLOSED,0
HFL202300662,Customer_662,CHN05,TOP_UP,2023-05-01,4937036.57,13.38,180,63704.96,160,OVERDUE,139
HFL202300663,Customer_663,PUN02,HOME_LOAN,2023-02-24,1210479.27,12.48,240,13735.68,11,OPEN,0
HFL202300664,Customer_664,HYD06,HOME_LOAN,2023-10-19,1285071.84,9.76,240,12197.58,137,OPEN,0
HFL202300665,Customer_665,CHN05,HOME_LOAN,2023-01-30,2579788.56,9.08,120,32791.47,53,CLOSED,0
HFL202300666,Customer_666,HYD06,LAP,2023-11-30,1381297.21,9.05,120,17535.09,25,OPEN,0
HFL202300667,Customer_667,CHN05,LAP,2023-03-17,2513654.22,10.92,240,25808.93,99,OPEN,0
HFL202500668,Customer_668,PUN02,HOME_LOAN,2025-01-07,1212528.14,10.29,180,13245.85,145,OPEN,0
HFL202300669,Customer_669,PUN02,HOME_LOAN,2023-04-24,4302761.42,10.79,120,58760.22,77,CLOSED,0
HFL202400670,Customer_670,CHN05,TOP_UP,2024-10-15,4777972.67,13.03,120,71424.83,27,OPEN,0
HFL202400671,Customer_671,BLR04,TOP_UP,2024-04-18,1612103.13,12.15,120,23269.0,114,OPEN,0
HFL202400672,Customer_672,BLR04,HOME_LOAN,2024-08-10,4521783.43,10.59,60,97392.48,32,OPEN,0
HFL202400673,Customer_673,PUN02,HOME_LOAN,2024-02-08,2552565.89,12.49,60,57414.49,48,OPEN,0
HFL202400674,Customer_674,mum01,LAP,2024-02-21,4764689.31,9.16,180,48781.21,171,OPEN,0
HFL202400675,Customer_675,BLR04,TOP_UP,2024-04-15,4332233.92,12.24,60,96894.39,55,WRITTEN_OFF,0
HFL202500676,Customer_676,BLR04,TOP_UP,2025-03-19,4396293.46,11.63,60,96973.12,21,OVERDUE,19
HFL202400677,Customer_677,MUM01,TOP_UP,2024-03-12,3838573.65,11.99,120,55050.19,42,CLOSED,0
HFL202400678,Customer_678,DEL03,LAP,2024-06-11,4743014.48,11.87,60,105194.42,2,OPEN,0
HFL202400679,Customer_679,DEL03,TOP_UP,2024-10-25,2926315.15,8.84,120,36816.41,14,OPEN,0
HFL202500680,Customer_680,PUN02,LAP,2025-02-09,3026561.11,13.3,120,45726.92,114,CLOSED,0
HFL202400681,Customer_681,CHN05,LAP,2024-03-09,1602583.07,8.82,180,16083.31,31,OPEN,0
HFL202400682,Customer_682,HYD06,HOME_LOAN,2024-11-25,4179281.38,13.0,240,48963.45,207,CLOSED,0
HFL202400683,Customer_683,MUM01,HOME_LOAN,2024-04-13,710351.13,10.45,120,9565.25,35,OPEN,0
HFL202400684,Customer_684,HYD06,LAP,2024-05-23,1007340.92,9.52,60,21165.88,8,OPEN,0
HFL202400685,Customer_685,PUN02,TOP_UP,2024-03-30,3767233.45,8.61,120,46930.23,66,OPEN,0
HFL202400686,Customer_686,HYD06,LAP,2024-08-15,1911124.65,11.73,180,22605.79,140,OPEN,0
HFL202400687,Customer_687,PUN02,HOME_LOAN,2024-08-03,920184.98,12.45,120,13442.46,36,CLOSED,0
HFL202300688,Customer_688,DEL03,TOP_UP,2023-10-19,2442854.72,9.33,120,31383.02,22,CLOSED,0
HFL202400689,Customer_689,DEL03,LAP,2024-11-13,4033949.22,9.31,60,84346.37,28,OPEN,0
HFL202300690,Customer_690,PUN02,HOME_LOAN,2023-07-30,2943690.04,8.67,180,29281.76,138,WRITTEN_OFF,0
HFL202300691,Customer_691,BLR04,HOME_LOAN,2023-05-05,4626039.69,10.52,240,46247.62,39,CLOSED,0
HFL202400692,Customer_692,DEL03,TOP_UP,2024-07-13,4885324.87,10.16,180,52977.18,146,OPEN,0
HFL202400693,Customer_693,HYD06,HOME_LOAN,2024-08-01,3724155.8,13.11,180,47389.46,10,CLOSED,0
HFL202300694,Customer_694,MUM01,TOP_UP,2023-04-30,1747986.34,10.51,120,23596.24,77,OPEN,0
HFL202400695,Customer_695,MUM01,TOP_UP,2024-06-23,1344076.13,13.18,180,17165.32,114,OPEN,0
HFL202300696,Customer_696,CHN05,TOP_UP,2023-03-31,4886445.68,10.47,240,48686.86,14,OPEN,0
HFL202300697,Customer_697,DEL03,LAP,2023-06-01,3665029.73,10.64,240,36936.23,78,OPEN,0
HFL202300698,Customer_698,PUN02,LAP,2023-03-31,1313767.23,12.94,240,15335.66,229,OVERDUE,74
HFL202400699,Customer_699,DEL03,TOP_UP,2024-02-29,955968.13,11.44,60,20995.45,55,OPEN,0
HFL202300700,Customer_700,BLR04,LAP,2023-03-09,4685819.08,11.45,240,49809.63,69,OPEN,0
HFL202400701,Customer_701,BLR04,HOME_LOAN,2024-04-18,3638160.93,12.28,120,52787.62,62,OPEN,0
HFL202300702,Customer_702,MUM01,TOP_UP,2023-11-06,4222550.45,10.02,240,40804.49,76,OPEN,0
HFL202400703,Customer_703,BLR04,HOME_LOAN,2024-04-28,883631.54,11.83,180,10508.61,165,OPEN,0
HFL202500704,Customer_704,DEL03,LAP,2025-02-22,1602920.06,13.47,60,36858.17,36,CLOSED,0
HFL202400705,Customer_705,HYD06,LAP,2024-10-05,3523790.33,13.37,60,80846.07,54,OPEN,0
HFL202300706,Customer_706,MUM01,TOP_UP,2023-03-01,986844.47,10.81,120,13487.86,53,OPEN,0
HFL202300707,Customer_707,HYD06,TOP_UP,2023-12-31,528960.03,9.96,60,11228.43,6,OPEN,0
HFL202400708,Customer_708,HYD06,TOP_UP,2024-07-10,1816252.25,10.08,180,19606.53,24,OPEN,0
HFL202500709,Customer_709,BLR04,HOME_LOAN,2025-04-23,975472.31,9.18,180,9998.61,41,OPEN,0
HFL202400710,Customer_710,MUM01,HOME_LOAN,2024-05-30,1339233.46,9.44,60,28087.14,8,OPEN,0
HFL202300711,Customer_711,CHN05,HOME_LOAN,2023-11-16,3547938.31,9.2,240,32379.5,87,OVERDUE,153
HFL202300712,Customer_712,HYD06,HOME_LOAN,2023-01-30,3798963.02,9.09,120,48308.89,16,OVERDUE,37
HFL202300713,Customer_713,BLR04,HOME_LOAN,2023-03-22,2296583.84,12.32,60,51458.39,2,OPEN,0
HFL202500714,Customer_714,DEL03,TOP_UP,2025-03-23,,11.47,240,36199.08,77,OPEN,0
HFL202300715,Customer_715,PUN02,HOME_LOAN,2023-04-09,3977142.83,13.1,120,59617.83,44,CLOSED,0
HFL202500716,Customer_716,CHN05,HOME_LOAN,2025-05-16,3807130.66,9.89,180,40655.8,156,OPEN,0
HFL202300717,Customer_717,HYD06,HOME_LOAN,2023-03-11,765796.72,11.39,60,16799.61,18,OPEN,0
HFL202400718,Customer_718,DEL03,LAP,2024-07-04,320345.96,12.13,120,4620.14,23,OVERDUE,122
HFL202300719,Customer_719,CHN05,LAP,2023-04-20,1149988.13,10.27,240,11304.13,28,OPEN,0
HFL202300720,Customer_720,CHN05,LAP,2023-04-23,2742719.63,10.98,180,31139.23,21,CLOSED,0
HFL202400721,Customer_721,BLR04,LAP,2024-01-30,1632973.78,11.5,180,19076.23,104,CLOSED,0
HFL202400722,Customer_722,pun02,LAP,2024-03-14,1187289.43,8.85,240,10568.08,172,OVERDUE,95
HFL202400723,Customer_723,BLR04,HOME_LOAN,2024-02-10,2358874.25,11.79,60,52221.87,37,OPEN,0
HFL202300724,Customer_724,BLR04,TOP_UP,2023-06-22,604138.93,13.38,180,7795.5,108,OPEN,0
HFL202500725,Customer_725,HYD06,LAP,2025-02-22,3653420.89,11.41,180,42470.08,91,CLOSED,0
HFL202400726,Customer_726,MUM01,LAP,2024-02-19,4941359.05,11.06,120,68235.16,62,CLOSED,0
HFL202300727,Customer_727,MUM01,TOP_UP,2023-05-18,439700.54,12.19,60,9823.17,24,OPEN,0
HFL202300728,Customer_728,CHN05,LAP,2023-06-06,1722937.27,11.62,60,37995.76,50,CLOSED,0
HFL202400729,Customer_729,chn05,LAP,2024-11-08,2640125.51,11.02,180,30040.75,8,OVERDUE,139
HFL202300730,Customer_730,MUM01,TOP_UP,2023-05-02,2103060.42,10.07,240,20392.62,142,OPEN,0
HFL202300731,Customer_731,HYD06,HOME_LOAN,2023-11-07,4458091.08,9.32,240,41032.65,195,OPEN,0
HFL202400732,Customer_732,PUN02,LAP,2024-05-17,3402369.37,11.93,240,37297.11,100,OPEN,0
HFL202400733,Customer_733,MUM01,LAP,2024-01-22,3199616.48,10.26,180,34893.96,32,OPEN,0
HFL202500734,Customer_734,BLR04,LAP,2025-01-29,3044644.8,12.33,180,37189.73,91,OPEN,0
HFL202400735,Customer_735,HYD06,HOME_LOAN,2024-11-08,1447875.77,9.67,180,15267.95,78,CLOSED,0
HFL202300736,Customer_736,BLR04,LAP,2023-01-21,2830559.02,8.69,240,24905.69,178,CLOSED,0
HFL202300737,Customer_737,HYD06,LAP,2023-11-21,2075366.69,10.45,60,44556.34,21,OVERDUE,26
HFL202500738,Customer_738,BLR04,HOME_LOAN,2025-02-22,3436721.51,9.33,180,35535.39,162,OPEN,0
HFL202400739,Customer_739,BLR04,TOP_UP,2024-07-02,1306176.49,9.83,180,13900.71,159,WRITTEN_OFF,0
HFL202500740,Customer_740,CHN05,LAP,2025-01-04,4267678.35,8.97,180,43209.51,121,OPEN,0
HFL202500741,Customer_741,CHN05,LAP,2025-03-25,660309.48,12.62,180,8190.1,106,OPEN,0
HFL202400742,Customer_742,HYD06,TOP_UP,2024-06-11,2430174.45,12.32,120,35316.97,23,OVERDUE,161
HFL202400743,Customer_743,HYD06,LAP,2024-11-07,4821950.25,12.21,240,53801.47,157,OPEN,0
HFL202500744,Customer_744,PUN02,LAP,2025-01-14,3245764.82,11.11,180,37115.77,175,OPEN,0
HFL202400745,Customer_745,BLR04,TOP_UP,2024-02-25,1797669.95,12.65,60,40581.15,18,CLOSED,0
HFL202400746,Customer_746,MUM01,LAP,2024-12-04,3125791.67,10.53,60,67231.92,52,OPEN,0
HFL202400747,Customer_747,DEL03,LAP,2024-07-27,4959077.6,10.61,60,106860.35,16,OPEN,0
HFL202300748,Customer_748,MUM01,LAP,2023-06-30,3328180.96,8.71,240,29326.6,21,CLOSED,0
HFL202500749,Customer_749,MUM01,HOME_LOAN,2025-06-06,598833.98,13.28,180,7687.36,35,CLOSED,0
HFL202500750,Customer_750,MUM01,LAP,2025-01-22,2651168.08,9.1,180,27047.85,31,OPEN,0
HFL202400751,Customer_751,PUN02,LAP,2024-08-21,3765010.86,12.53,120,55176.77,27,OVERDUE,56
HFL202300752,Customer_752,MUM01,LAP,2023-09-18,4355629.69,8.78,180,43609.48,108,CLOSED,0
HFL202300753,Customer_753,DEL03,TOP_UP,2023-10-12,4433337.64,13.18,180,56618.56,5,OPEN,0
HFL202400754,Customer_754,HYD06,LAP,2024-09-12,463604.33,12.2,60,10359.54,35,CLOSED,0
HFL202400755,Customer_755,PUN02,HOME_LOAN,2024-12-18,2005418.96,12.56,60,45179.02,24,OPEN,0
HFL202400756,Customer_756,PUN02,LAP,2024-02-07,4659284.78,13.09,180,59227.43,41,OPEN,0
HFL202500757,Customer_757,MUM01,LAP,2025-06-19,4117564.47,11.72,60,91011.41,60,OPEN,0
HFL202400758,Customer_758,PUN02,HOME_LOAN,2024-02-27,4654536.93,10.16,240,45411.81,129,OVERDUE,26
HFL202400759,Customer_759,MUM01,TOP_UP,2024-09-08,3727388.49,11.24,180,42928.81,164,OPEN,0
HFL202400760,Customer_760,DEL03,HOME_LOAN,2024-03-30,4017790.79,9.18,240,36615.53,21,OPEN,0
HFL202400761,Customer_761,BLR04,LAP,2024-06-12,3653750.52,12.34,120,53141.35,40,OVERDUE,176
HFL202500762,Customer_762,PUN02,HOME_LOAN,2025-01-22,927496.07,9.37,180,9612.52,94,CLOSED,0
HFL202400763,Customer_763,MUM01,TOP_UP,2024-01-22,4740358.63,12.92,120,70555.14,82,OPEN,0
HFL202300764,Customer_764,CHN05,HOME_LOAN,2023-04-02,4878399.59,9.49,120,63098.59,33,OPEN,0
HFL202400765,Customer_765,BLR04,LAP,2024-01-12,1099577.55,11.34,60,24094.35,59,CLOSED,0
HFL202400766,Customer_766,DEL03,HOME_LOAN,2024-05-21,857008.04,12.07,120,12330.28,48,OVERDUE,69
HFL202300767,Customer_767,PUN02,HOME_LOAN,2023-07-31,3120389.1,13.48,180,40471.1,104,CLOSED,0
HFL202300768,Customer_768,HYD06,HOME_LOAN,2023-09-26,1406782.44,10.75,120,19179.89,10,OPEN,0
HFL202500769,Customer_769,HYD06,LAP,2025-06-11,1819256.1,11.97,120,26069.5,76,CLOSED,0
HFL202400770,Customer_770,DEL03,TOP_UP,2024-07-24,576135.87,10.16,120,7664.82,120,OPEN,0
HFL202400771,Customer_771,CHN05,TOP_UP,2024-09-04,3634960.04,12.55,60,81871.58,25,OPEN,0
HFL202400772,Customer_772,DEL03,HOME_LOAN,2024-07-26,493287.45,9.4,120,6356.04,16,OPEN,0
HFL202400773,Customer_773,PUN02,TOP_UP,2024-06-27,2334769.39,9.8,180,24804.66,71,OPEN,0
HFL202400774,Customer_774,BLR04,TOP_UP,2024-03-16,1629749.89,12.88,180,20491.77,80,OPEN,0
HFL202500775,Customer_775,PUN02,HOME_LOAN,2025-02-21,4765238.28,11.28,240,50097.49,46,OPEN,0
HFL202300776,Customer_776,DEL03,LAP,2023-06-17,3618025.45,10.68,240,36560.15,143,OPEN,0
HFL202300777,Customer_777,PUN02,HOME_LOAN,2023-04-26,4275440.25,12.83,60,96907.74,11,OPEN,0
HFL202500778,Customer_778,MUM01,HOME_LOAN,2025-04-22,1582120.3,12.95,120,23576.12,73,CLOSED,0
HFL202300779,Customer_779,DEL03,HOME_LOAN,2023-03-20,1456939.95,10.99,60,31670.14,43,OVERDUE,7
HFL202400780,Customer_780,MUM01,LAP,2024-08-27,4666997.68,9.03,180,47419.12,168,OPEN,0
HFL202300781,Customer_781,BLR04,TOP_UP,2023-10-03,3092760.02,8.53,60,63497.44,46,CLOSED,0
HFL202500782,Customer_782,DEL03,HOME_LOAN,2025-03-27,2975044.65,9.56,60,62568.74,47,OVERDUE,73
HFL202400783,Customer_783,BLR04,HOME_LOAN,2024-09-08,2092537.37,10.49,120,28223.94,109,OPEN,0
HFL202500784,Customer_784,BLR04,LAP,2025-03-09,2191262.3,11.74,120,31109.78,94,OPEN,0
HFL202400785,Customer_785,BLR04,LAP,2024-09-09,917047.34,11.83,180,10906.01,99,OPEN,0
HFL202400786,Customer_786,BLR04,HOME_LOAN,2024-09-06,2288431.73,12.28,180,27878.61,23,CLOSED,0
HFL202400787,Customer_787,HYD06,LAP,2024-04-19,3479268.15,11.74,120,49395.85,10,OVERDUE,135
HFL202300788,Customer_788,HYD06,HOME_LOAN,2023-03-23,4563876.24,10.89,120,62583.56,107,WRITTEN_OFF,0
HFL202300789,Customer_789,CHN05,LAP,2023-10-30,2972117.72,11.25,60,64992.21,6,OPEN,0
HFL202400790,Customer_790,MUM01,LAP,2024-08-05,4120276.36,10.28,60,88112.43,42,CLOSED,0
HFL202300791,Customer_791,DEL03,TOP_UP,2023-07-06,4261676.17,8.73,240,37606.52,116,OVERDUE,77
HFL202500792,Customer_792,MUM01,LAP,2025-04-07,1545849.63,13.33,120,23383.06,77,OPEN,0
HFL202300793,Customer_793,PUN02,TOP_UP,2023-04-19,2338854.93,8.59,240,20430.55,117,OPEN,0
HFL202400794,Customer_794,CHN05,TOP_UP,2024-11-04,4839277.9,11.51,240,51640.84,172,OPEN,0
HFL202500795,Customer_795,MUM01,HOME_LOAN,2025-04-03,1722486.3,9.13,60,35864.76,12,OPEN,0
HFL202400796,Customer_796,BLR04,HOME_LOAN,2024-10-26,982224.7,9.71,120,12822.95,54,OPEN,0
HFL202300797,Customer_797,BLR04,LAP,2023-06-06,3772271.55,10.73,240,38246.19,51,OPEN,0
HFL202500798,Customer_798,HYD06,LAP,2025-05-03,2141146.95,10.17,60,45672.35,26,CLOSED,0
HFL202400799,Customer_799,BLR04,TOP_UP,2024-09-02,3736069.17,13.5,60,85966.38,46,OPEN,0
HFL202500800,Customer_800,BLR04,HOME_LOAN,2025-04-16,4377880.72,9.66,60,92286.33,35,OPEN,0
HFL202500009,Customer_9,DEL03,TOP_UP,2025-02-25,3947199.58,9.65,60,83188.18,58,OVERDUE,103
HFL202500511,Customer_511,BLR04,LAP,2025-05-18,,9.93,60,19952.85,30,CLOSED,0
HFL202400176,Customer_176,BLR04,HOME_LOAN,2024-04-02,499069.27,12.85,180,6265.26,14,CLOSED,0
HFL202300736,Customer_736,BLR04,LAP,2023-01-21,2830559.02,8.69,240,24905.69,178,CLOSED,0
HFL202400243,Customer_243,BLR04,LAP,2024-06-30,3348990.3,10.04,180,36070.42,120,OPEN,0
